original_index,task,ground_truth_text,predicted_label,top1_correct,candidate_count
0,Action Recognition,The grasper is performing a retract action in this surgery image.,retract,True,10
1,Action Recognition,"retract, dissect",retract,True,10
2,Action Recognition,The grasper is performing a retract action in this surgical scene.,null_verb,False,10
3,Action Recognition,"retract, dissect",retract,True,10
4,Action Recognition,dissect,dissect,True,10
5,Action Recognition,The bipolar is involved in performing coagulate within this procedure.,null_verb,False,10
6,Action Recognition,The hook completes a dissect task in this surgical image.,grasp,False,10
7,Action Recognition,The grasper performs a retract action during this surgical procedure.,retract,True,10
8,Action Recognition,The grasper is assigned the task of retract in this surgical image.,grasp,False,10
9,Action Recognition,The grasper is accomplishing a retract task in this surgery.,retract,True,10
10,Action Recognition,The hook is engaged in dissect during this surgery.,dissect,True,10
11,Action Recognition,"retract, dissect",retract,True,10
12,Action Recognition,The movement carried out by the grasper is retract in this surgery.,retract,True,10
13,Action Recognition,The grasper is engaged in retract in this surgical image.,retract,True,10
14,Action Recognition,dissect,dissect,True,10
15,Action Recognition,"retract, dissect",retract,True,10
16,Action Recognition,grasp,retract,False,10
17,Action Recognition,dissect,dissect,True,10
18,Action Recognition,The hook is carrying out a dissect procedure in this surgery.,dissect,True,10
19,Action Recognition,"retract, dissect",retract,True,10
20,Action Recognition,The grasper is performing a grasp action in this surgical image.,grasp,True,10
21,Action Recognition,"retract, clip",retract,True,10
22,Action Recognition,The hook is performing a null_verb action in this surgical scene.,null_verb,True,10
23,Action Recognition,The grasper is tasked with performing retract in this surgical image.,retract,True,10
24,Action Recognition,grasp,grasp,True,10
25,Action Recognition,"retract, dissect",retract,True,10
26,Action Recognition,dissect,retract,False,10
27,Action Recognition,"retract, dissect",dissect,True,10
28,Action Recognition,retract,retract,True,10
29,Action Recognition,"retract, dissect",dissect,True,10
30,Action Recognition,dissect,retract,False,10
31,Action Recognition,"retract, clip",retract,True,10
32,Action Recognition,The grasper is engaged in retract in this surgery image.,retract,True,10
33,Action Recognition,dissect,dissect,True,10
34,Action Recognition,retract,retract,True,10
35,Action Recognition,The grasper is involved in performing grasp during this surgery.,retract,False,10
36,Action Recognition,The grasper is performing a grasp operation in this surgical image.,retract,False,10
37,Action Recognition,The hook is assigned the task of dissect in this surgical image.,grasp,False,10
38,Action Recognition,"retract, dissect",retract,True,10
39,Action Recognition,retract,grasp,False,10
40,Action Recognition,"retract, dissect",retract,True,10
41,Action Recognition,"retract, dissect",retract,True,10
42,Action Recognition,"retract, dissect",retract,True,10
43,Action Recognition,The clipper is involved in clip within this surgical image.,clip,True,10
44,Action Recognition,"retract, clip",retract,True,10
45,Action Recognition,The grasper is completing a retract action in this surgical image.,retract,True,10
46,Action Recognition,grasp,grasp,True,10
47,Action Recognition,retract,retract,True,10
48,Action Recognition,dissect,retract,False,10
49,Action Recognition,The grasper is carrying out a retract procedure in this surgery.,retract,True,10
50,Action Recognition,The movement made by the grasper is grasp in this surgical image.,retract,False,10
51,Action Recognition,The hook is engaged in dissect during this surgery.,dissect,True,10
52,Action Recognition,The movement of the hook is dissect in this surgery.,dissect,True,10
53,Action Recognition,"retract, clip",retract,True,10
54,Action Recognition,The bipolar undertakes a coagulate task in this surgical scene.,grasp,False,10
55,Action Recognition,The grasper is performing a retract action in this surgery image.,retract,True,10
56,Action Recognition,The bipolar is doing a coagulate action in this surgical image.,null_verb,False,10
57,Action Recognition,The hook is executing a dissect operation in this surgery image.,dissect,True,10
58,Action Recognition,retract,retract,True,10
59,Action Recognition,The grasper is carrying out a retract task in this surgery.,retract,True,10
60,Action Recognition,"retract, dissect",retract,True,10
61,Action Recognition,The grasper is accomplishing retract in this surgery image.,retract,True,10
62,Action Recognition,The movement demonstrated by the clipper is clip in this image.,clip,True,10
63,Action Recognition,retract,retract,True,10
64,Action Recognition,"retract, dissect",retract,True,10
65,Action Recognition,dissect,dissect,True,10
66,Action Recognition,The irrigator is carrying out a aspirate task in this surgery.,retract,False,10
67,Action Recognition,grasp,grasp,True,10
68,Action Recognition,The hook is carrying out a dissect task in this surgery image.,retract,False,10
69,Action Recognition,dissect,dissect,True,10
70,Action Recognition,The grasper is performing a retract activity in this surgical image.,retract,True,10
71,Action Recognition,dissect,retract,False,10
72,Action Recognition,dissect,dissect,True,10
73,Action Recognition,dissect,dissect,True,10
74,Action Recognition,dissect,dissect,True,10
75,Action Recognition,"retract, dissect",retract,True,10
76,Action Recognition,dissect,dissect,True,10
77,Action Recognition,The hook completes a null_verb task in this surgical image.,grasp,False,10
78,Action Recognition,dissect,retract,False,10
79,Action Recognition,"retract, dissect",retract,True,10
80,Action Recognition,retract,retract,True,10
81,Action Recognition,The grasper is involved in performing retract within this procedure.,retract,True,10
82,Action Recognition,aspirate,retract,False,10
83,Action Recognition,The grasper performs retract in this surgery image.,retract,True,10
84,Action Recognition,The grasper is performing a retract task in this surgical image.,retract,True,10
85,Action Recognition,The grasper is performing a retract activity in this procedure.,retract,True,10
86,Action Recognition,The grasper takes a retract action in this surgical procedure.,retract,True,10
87,Action Recognition,The grasper is engaged in grasp in this surgery image.,retract,False,10
88,Action Recognition,The grasper is playing the role of retract in this surgical scene.,retract,True,10
89,Action Recognition,dissect,dissect,True,10
90,Action Recognition,The hook is completing a dissect action in this surgical image.,dissect,True,10
91,Action Recognition,The hook is observed performing dissect in this operation.,dissect,True,10
92,Action Recognition,"retract, dissect",retract,True,10
93,Action Recognition,dissect,dissect,True,10
94,Action Recognition,coagulate,coagulate,True,10
95,Action Recognition,The action of the hook is null_verb during this surgical image.,dissect,False,10
96,Action Recognition,The grasper's task is to perform retract in this surgery image.,retract,True,10
97,Action Recognition,The hook is performing the role of dissect in this surgical image.,retract,False,10
98,Action Recognition,The hook is playing the role of dissect in this surgical scene.,dissect,True,10
99,Action Recognition,The grasper is engaged in retract in this surgical image.,retract,True,10
100,Action Recognition,The hook is executing dissect in this surgical scene.,dissect,True,10
101,Action Recognition,The grasper's task is to perform null_verb in this surgery image.,retract,False,10
102,Action Recognition,retract,retract,True,10
103,Action Recognition,The hook performs a dissect operation in this surgical image.,retract,False,10
104,Action Recognition,The grasper takes a retract action in this surgical procedure.,retract,True,10
105,Action Recognition,The hook executes dissect in this surgical procedure.,dissect,True,10
106,Action Recognition,The bipolar is involved in performing coagulate within this procedure.,coagulate,True,10
107,Action Recognition,dissect,dissect,True,10
108,Action Recognition,dissect,retract,False,10
109,Action Recognition,The hook is handling a dissect operation in this surgery.,dissect,True,10
110,Action Recognition,The hook performs dissect in this surgery image.,dissect,True,10
111,Action Recognition,The hook executes a dissect movement in this surgical image.,dissect,True,10
112,Action Recognition,dissect,dissect,True,10
113,Action Recognition,The hook is carrying out a dissect procedure in this surgery.,dissect,True,10
114,Action Recognition,"retract, dissect",retract,True,10
115,Action Recognition,The hook is involved in performing dissect during this surgery.,dissect,True,10
116,Action Recognition,The action of the hook is dissect during this surgical procedure.,dissect,True,10
117,Action Recognition,dissect,dissect,True,10
118,Action Recognition,The grasper performs retract in this surgery image.,retract,True,10
119,Action Recognition,The hook is performing a null_verb task in this surgical image.,retract,False,10
120,Action Recognition,The grasper is engaged in retract during this surgery.,retract,True,10
121,Action Recognition,"retract, dissect",retract,True,10
122,Action Recognition,aspirate,grasp,False,10
123,Action Recognition,The hook is executing a dissect operation in this surgery image.,dissect,True,10
124,Action Recognition,"retract, dissect",retract,True,10
125,Action Recognition,dissect,retract,False,10
126,Action Recognition,The hook performs a dissect function in this surgery image.,retract,False,10
127,Action Recognition,The grasper is carrying out a retract procedure in this surgery.,retract,True,10
128,Action Recognition,"retract, cut",retract,True,10
129,Action Recognition,"retract, clip",retract,True,10
130,Action Recognition,The bipolar is performing a coagulate action in this surgery image.,retract,False,10
131,Action Recognition,dissect,dissect,True,10
132,Action Recognition,The grasper is acting with a null_verb movement in this surgical image.,retract,False,10
133,Action Recognition,"retract, dissect",retract,True,10
134,Action Recognition,dissect,dissect,True,10
135,Action Recognition,The grasper is carrying out a retract procedure in this surgery.,retract,True,10
136,Action Recognition,The grasper plays the role of retract in this surgical procedure.,grasp,False,10
137,Action Recognition,The hook performs a dissect maneuver in this surgery image.,null_verb,False,10
138,Action Recognition,"retract, dissect",retract,True,10
139,Action Recognition,retract,retract,True,10
140,Action Recognition,The grasper is fulfilling the function of retract in this surgery.,grasp,False,10
141,Action Recognition,The grasper performs a retract movement in this procedure.,retract,True,10
142,Action Recognition,dissect,retract,False,10
143,Action Recognition,The hook serves the function of dissect in this surgery.,grasp,False,10
144,Action Recognition,The grasper is shown performing retract in this surgical image.,retract,True,10
145,Action Recognition,"retract, dissect",retract,True,10
146,Action Recognition,"retract, dissect",retract,True,10
147,Action Recognition,"retract, dissect",retract,True,10
148,Action Recognition,The grasper is performing a retract action in this surgical procedure.,null_verb,False,10
149,Action Recognition,retract,retract,True,10
150,Action Recognition,"retract, dissect",retract,True,10
151,Action Recognition,The hook is performing a dissect procedure in this surgical scene.,retract,False,10
152,Action Recognition,grasp,grasp,True,10
153,Action Recognition,"retract, dissect",retract,True,10
154,Action Recognition,dissect,dissect,True,10
155,Action Recognition,The hook performs a dissect action in this surgery image.,dissect,True,10
156,Action Recognition,dissect,retract,False,10
157,Action Recognition,"retract, dissect",retract,True,10
158,Action Recognition,dissect,dissect,True,10
159,Action Recognition,"retract, clip",retract,True,10
160,Action Recognition,"retract, dissect",retract,True,10
161,Action Recognition,The hook performs dissect in this surgery image.,dissect,True,10
162,Action Recognition,The movement shown by the grasper is retract in this surgical image.,retract,True,10
163,Action Recognition,The hook is accomplishing a dissect task in this surgery.,grasp,False,10
164,Action Recognition,The grasper is performing a pack action in this surgical scene.,null_verb,False,10
165,Action Recognition,The grasper is performing a grasp action during this surgery.,retract,False,10
166,Action Recognition,dissect,dissect,True,10
167,Action Recognition,dissect,dissect,True,10
168,Action Recognition,coagulate,coagulate,True,10
169,Action Recognition,The hook is performing a dissect task in this image.,dissect,True,10
170,Action Recognition,grasp,grasp,True,10
171,Action Recognition,retract,retract,True,10
172,Action Recognition,The clipper is performing a clip in this surgery image.,clip,True,10
173,Action Recognition,The hook is performing a dissect operation in this surgical image.,retract,False,10
174,Action Recognition,"retract, dissect",retract,True,10
175,Action Recognition,"retract, dissect",retract,True,10
176,Action Recognition,dissect,dissect,True,10
177,Action Recognition,aspirate,aspirate,True,10
178,Action Recognition,retract,retract,True,10
179,Action Recognition,retract,retract,True,10
180,Action Recognition,The clipper has the role of performing clip in this surgery image.,clip,True,10
181,Action Recognition,retract,retract,True,10
182,Action Recognition,The grasper is engaged in retract within this surgical image.,grasp,False,10
183,Action Recognition,aspirate,retract,False,10
184,Action Recognition,"retract, dissect",retract,True,10
185,Action Recognition,dissect,dissect,True,10
186,Action Recognition,The grasper is carrying out a retract task in this surgical image.,retract,True,10
187,Action Recognition,retract,retract,True,10
188,Action Recognition,"retract, dissect",retract,True,10
189,Action Recognition,The grasper is carrying out a retract action in this surgical scene.,retract,True,10
190,Action Recognition,The specific movement made by the grasper is retract in this surgery.,retract,True,10
191,Action Recognition,"retract, dissect",retract,True,10
192,Action Recognition,"retract, dissect",retract,True,10
193,Action Recognition,The hook executes a dissect movement in this surgical image.,dissect,True,10
194,Action Recognition,dissect,dissect,True,10
195,Action Recognition,The hook performs a dissect movement in this procedure.,null_verb,False,10
196,Action Recognition,The movement carried out by the grasper is retract in this surgery.,retract,True,10
197,Action Recognition,"retract, cut",retract,True,10
198,Action Recognition,The hook is taking a dissect action in this surgery.,dissect,True,10
199,Action Recognition,The movement of the hook is dissect in this surgery.,dissect,True,10
200,Action Recognition,The grasper performs a retract movement in this procedure.,retract,True,10
201,Action Recognition,The hook is involved in performing dissect within this procedure.,dissect,True,10
202,Action Recognition,dissect,dissect,True,10
203,Action Recognition,dissect,dissect,True,10
204,Action Recognition,The hook completes a dissect task in this surgical image.,grasp,False,10
205,Action Recognition,The hook performs dissect in this surgery image.,null_verb,False,10
206,Action Recognition,The grasper is performing a retract task in this surgical image.,retract,True,10
207,Action Recognition,retract,retract,True,10
208,Action Recognition,The movement made by the grasper is grasp in this surgical image.,retract,False,10
209,Action Recognition,The hook is conducting a dissect task in this surgery.,dissect,True,10
210,Action Recognition,The hook is conducting a dissect operation in this procedure.,dissect,True,10
211,Action Recognition,The clipper is doing a clip action in this surgical image.,clip,True,10
212,Action Recognition,retract,retract,True,10
213,Action Recognition,The grasper undertakes a retract task in this surgical scene.,retract,True,10
214,Action Recognition,"retract, dissect",retract,True,10
215,Action Recognition,dissect,dissect,True,10
216,Action Recognition,The grasper is carrying out a retract task in this surgical image.,retract,True,10
217,Action Recognition,dissect,retract,False,10
218,Action Recognition,The grasper is executing a retract task in this surgical image.,retract,True,10
219,Action Recognition,"retract, dissect",retract,True,10
220,Action Recognition,dissect,dissect,True,10
221,Action Recognition,clip,cut,False,10
222,Action Recognition,dissect,dissect,True,10
223,Action Recognition,The movement of the irrigator is aspirate in this image.,retract,False,10
224,Action Recognition,The hook is shown performing dissect in this surgical image.,dissect,True,10
225,Action Recognition,The hook is fulfilling the role of dissect in this surgical operation.,grasp,False,10
226,Action Recognition,dissect,dissect,True,10
227,Action Recognition,dissect,dissect,True,10
228,Action Recognition,The movement carried out by the hook is null_verb in this surgery.,retract,False,10
229,Action Recognition,The task of the grasper is to perform retract in this surgery.,grasp,False,10
230,Action Recognition,The hook is fulfilling a dissect function in this image.,dissect,True,10
231,Action Recognition,retract,retract,True,10
232,Action Recognition,"retract, clip",retract,True,10
233,Action Recognition,The grasper is engaged in retract within this surgical image.,grasp,False,10
234,Action Recognition,dissect,dissect,True,10
235,Action Recognition,The grasper performs a retract maneuver in this surgery image.,retract,True,10
236,Action Recognition,retract,retract,True,10
237,Action Recognition,The hook plays the role of dissect in this surgical procedure.,dissect,True,10
238,Action Recognition,The movement carried out by the hook is null_verb in this surgery.,retract,False,10
239,Action Recognition,retract,retract,True,10
240,Action Recognition,The hook is performing a dissect activity in this surgical image.,dissect,True,10
241,Action Recognition,The hook is performing a null_verb action in this surgical scene.,null_verb,True,10
242,Action Recognition,dissect,dissect,True,10
243,Action Recognition,The grasper is performing grasp in this surgical operation.,retract,False,10
244,Action Recognition,The grasper is involved in grasp within this surgical image.,retract,False,10
245,Action Recognition,dissect,dissect,True,10
246,Action Recognition,dissect,dissect,True,10
247,Action Recognition,The grasper performs a retract maneuver in this surgery image.,retract,True,10
248,Action Recognition,retract,retract,True,10
249,Action Recognition,The grasper is performing retract in this surgery image.,retract,True,10
250,Action Recognition,The hook is performing a dissect action in this surgical scene.,null_verb,False,10
251,Action Recognition,The hook undertakes a null_verb task in this surgical scene.,grasp,False,10
252,Action Recognition,The hook performs a dissect task in this surgical procedure.,retract,False,10
253,Action Recognition,The bipolar's task is to perform coagulate in this surgery image.,null_verb,False,10
254,Action Recognition,retract,retract,True,10
255,Action Recognition,The grasper is performing a retract activity in this surgical image.,grasp,False,10
256,Action Recognition,"retract, coagulate",retract,True,10
257,Action Recognition,null verb,grasp,False,10
258,Action Recognition,The hook is carrying out a dissect operation in this surgery.,dissect,True,10
259,Action Recognition,"retract, dissect",retract,True,10
260,Action Recognition,The grasper performs retract in this surgery image.,retract,True,10
261,Action Recognition,"retract, dissect",retract,True,10
262,Action Recognition,The clipper is carrying out a clip procedure in this surgery.,clip,True,10
263,Action Recognition,The task of the grasper is to perform pack in this surgery.,grasp,False,10
264,Action Recognition,The hook demonstrates a dissect movement in this surgery image.,retract,False,10
265,Action Recognition,The grasper completes a retract task in this surgical image.,retract,True,10
266,Action Recognition,"retract, dissect",retract,True,10
267,Action Recognition,The hook is carrying out a dissect task in this surgery.,grasp,False,10
268,Action Recognition,clip,cut,False,10
269,Action Recognition,The hook is performing the role of dissect in this surgical image.,retract,False,10
270,Action Recognition,The hook performs a dissect action during this surgical procedure.,retract,False,10
271,Action Recognition,retract,retract,True,10
272,Action Recognition,The grasper is observed performing a retract action in this surgical procedure.,retract,True,10
273,Action Recognition,retract,retract,True,10
274,Action Recognition,grasp,grasp,True,10
275,Action Recognition,The movement made by the hook is dissect in this surgical image.,retract,False,10
276,Action Recognition,"retract, dissect",retract,True,10
277,Action Recognition,The hook is engaged in dissect during this surgery.,dissect,True,10
278,Action Recognition,The hook is assigned the task of dissect in this surgical image.,grasp,False,10
279,Action Recognition,dissect,dissect,True,10
280,Action Recognition,grasp,grasp,True,10
281,Action Recognition,The grasper performs a retract operation in this surgical image.,retract,True,10
282,Action Recognition,retract,retract,True,10
283,Action Recognition,The grasper is doing a retract action in this surgical image.,retract,True,10
284,Action Recognition,The hook is completing a dissect action in this surgical image.,dissect,True,10
285,Action Recognition,grasp,grasp,True,10
286,Action Recognition,The hook is engaged in coagulate in this surgery image.,dissect,False,10
287,Action Recognition,The grasper is carrying out a null_verb operation in this surgery.,retract,False,10
288,Action Recognition,"retract, dissect",retract,True,10
289,Action Recognition,The hook is performing a dissect activity in this procedure.,dissect,True,10
290,Action Recognition,The grasper is performing a retract activity in this surgical image.,retract,True,10
291,Action Recognition,"retract, dissect",dissect,True,10
292,Action Recognition,The clipper is involved in null_verb within this surgical image.,clip,False,10
293,Action Recognition,dissect,dissect,True,10
294,Action Recognition,The grasper is performing the role of retract in this surgical image.,retract,True,10
295,Action Recognition,grasp,grasp,True,10
296,Action Recognition,The hook serves the function of dissect in this surgery.,grasp,False,10
297,Action Recognition,The hook is carrying out a dissect operation in this surgery.,dissect,True,10
298,Action Recognition,The hook is accomplishing a dissect task in this surgery.,grasp,False,10
299,Action Recognition,"retract, dissect",retract,True,10
300,Action Recognition,The hook is taking the dissect action in this surgery.,dissect,True,10
301,Action Recognition,The grasper performs a grasp movement in this procedure.,retract,False,10
302,Action Recognition,retract,retract,True,10
303,Action Recognition,The hook is handling a dissect operation in this surgery.,dissect,True,10
304,Action Recognition,dissect,dissect,True,10
305,Action Recognition,"retract, dissect",retract,True,10
306,Action Recognition,retract,retract,True,10
307,Action Recognition,The grasper performs a retract operation in this surgical image.,retract,True,10
308,Action Recognition,The hook is executing a dissect function in this surgery.,grasp,False,10
309,Action Recognition,The movement made by the grasper is retract in this surgical image.,retract,True,10
310,Action Recognition,"retract, coagulate",retract,True,10
311,Action Recognition,The grasper performs a retract function in this surgery image.,retract,True,10
312,Action Recognition,The clipper is executing clip in this surgical procedure.,clip,True,10
313,Action Recognition,"retract, dissect",retract,True,10
314,Action Recognition,"retract, dissect",retract,True,10
315,Action Recognition,The grasper is executing a retract task in this surgery.,retract,True,10
316,Action Recognition,The grasper is taking a retract action in this surgery.,retract,True,10
317,Action Recognition,clip,retract,False,10
318,Action Recognition,The grasper is performing a retract action in this surgery image.,retract,True,10
319,Action Recognition,The hook is executing a dissect function in this surgery.,grasp,False,10
320,Action Recognition,The hook is playing the role of dissect in this surgical scene.,dissect,True,10
321,Action Recognition,"retract, cut",retract,True,10
322,Action Recognition,retract,retract,True,10
323,Action Recognition,The hook is engaged in dissect during this surgery.,dissect,True,10
324,Action Recognition,The hook performs a coagulate movement in this procedure.,dissect,False,10
325,Action Recognition,"retract, dissect",retract,True,10
326,Action Recognition,The hook is acting with a dissect movement in this surgical image.,retract,False,10
327,Action Recognition,The grasper is executing retract in this surgical scene.,retract,True,10
328,Action Recognition,"retract, clip",retract,True,10
329,Action Recognition,The hook takes a null_verb action in this surgical procedure.,dissect,False,10
330,Action Recognition,grasp,grasp,True,10
331,Action Recognition,The movement shown by the grasper is null_verb in this surgery image.,retract,False,10
332,Action Recognition,The hook is executing a dissect function in this surgery.,grasp,False,10
333,Action Recognition,The grasper is observed performing retract in this operation.,retract,True,10
334,Action Recognition,retract,retract,True,10
335,Action Recognition,grasp,grasp,True,10
336,Action Recognition,grasp,grasp,True,10
337,Action Recognition,dissect,dissect,True,10
338,Action Recognition,The grasper is tasked with performing grasp in this surgical image.,retract,False,10
339,Action Recognition,The grasper is assigned the task of retract in this surgical image.,grasp,False,10
340,Action Recognition,The movement carried out by the hook is dissect in this surgery.,dissect,True,10
341,Action Recognition,The grasper is taking a retract action in this surgery.,retract,True,10
342,Action Recognition,dissect,retract,False,10
343,Action Recognition,The grasper is performing a retract task in this image.,retract,True,10
344,Action Recognition,The grasper is assigned the task of retract in this surgical image.,grasp,False,10
345,Action Recognition,dissect,dissect,True,10
346,Action Recognition,"retract, dissect",retract,True,10
347,Action Recognition,The bipolar is involved in coagulate within this surgical image.,dissect,False,10
348,Action Recognition,The grasper is carrying out a grasp procedure in this surgery.,retract,False,10
349,Action Recognition,The grasper is performing the role of retract in this surgical image.,retract,True,10
350,Action Recognition,dissect,dissect,True,10
351,Action Recognition,The hook performs a dissect action during this surgical procedure.,retract,False,10
352,Action Recognition,retract,retract,True,10
353,Action Recognition,The grasper performs null_verb in this surgery image.,grasp,False,10
354,Action Recognition,The hook is carrying out a dissect task in this surgery image.,retract,False,10
355,Action Recognition,grasp,grasp,True,10
356,Action Recognition,dissect,dissect,True,10
357,Action Recognition,The movement of the clipper is clip in this image.,clip,True,10
358,Action Recognition,The hook is fulfilling the role of dissect in this surgical operation.,retract,False,10
359,Action Recognition,The grasper is assigned the task of retract in this surgical image.,retract,True,10
360,Action Recognition,The hook serves the function of dissect in this surgery.,grasp,False,10
361,Action Recognition,The grasper plays the role of grasp in this surgical procedure.,retract,False,10
362,Action Recognition,retract,retract,True,10
363,Action Recognition,dissect,dissect,True,10
364,Action Recognition,dissect,dissect,True,10
365,Action Recognition,"retract, dissect",retract,True,10
366,Action Recognition,The hook is shown performing dissect in this surgical image.,dissect,True,10
367,Action Recognition,"retract, dissect",retract,True,10
368,Action Recognition,The grasper demonstrates a grasp movement in this surgery image.,grasp,True,10
369,Action Recognition,retract,retract,True,10
370,Action Recognition,"retract, aspirate",retract,True,10
371,Action Recognition,dissect,dissect,True,10
372,Action Recognition,dissect,dissect,True,10
373,Action Recognition,The grasper is doing a retract action in this surgical image.,retract,True,10
374,Action Recognition,retract,retract,True,10
375,Action Recognition,The grasper performs a grasp action during this surgical procedure.,retract,False,10
376,Action Recognition,The hook is assigned the task of dissect in this surgical image.,grasp,False,10
377,Action Recognition,"retract, dissect",retract,True,10
378,Action Recognition,"retract, clip",retract,True,10
379,Action Recognition,"retract, dissect",retract,True,10
380,Action Recognition,The movement shown by the clipper is clip in this surgery image.,clip,True,10
381,Action Recognition,The grasper is performing a retract activity in this surgical image.,retract,True,10
382,Action Recognition,The scissors is fulfilling the role of cut in this surgical operation.,clip,False,10
383,Action Recognition,The movement made by the grasper is retract in this surgical image.,retract,True,10
384,Action Recognition,coagulate,coagulate,True,10
385,Action Recognition,The hook completes a dissect task in this surgical image.,grasp,False,10
386,Action Recognition,The grasper is conducting a retract task in this surgery.,retract,True,10
387,Action Recognition,The grasper demonstrates a retract movement in this surgery image.,retract,True,10
388,Action Recognition,The grasper is accomplishing retract in this surgery image.,retract,True,10
389,Action Recognition,"retract, dissect",retract,True,10
390,Action Recognition,"retract, coagulate",retract,True,10
391,Action Recognition,The movement demonstrated by the grasper is retract in this image.,retract,True,10
392,Action Recognition,"retract, dissect",retract,True,10
393,Action Recognition,The hook is completing a dissect action in this surgical image.,dissect,True,10
394,Action Recognition,The grasper is engaged in grasp during this surgery.,retract,False,10
395,Action Recognition,The grasper performs a retract task in this surgical procedure.,retract,True,10
396,Action Recognition,dissect,dissect,True,10
397,Action Recognition,dissect,dissect,True,10
398,Action Recognition,dissect,dissect,True,10
399,Action Recognition,"retract, dissect",retract,True,10
400,Action Recognition,The hook is fulfilling the function of dissect in this surgery.,grasp,False,10
401,Action Recognition,"retract, dissect",retract,True,10
402,Action Recognition,The clipper is performing a clip procedure in this surgical scene.,clip,True,10
403,Action Recognition,dissect,dissect,True,10
404,Action Recognition,The irrigator is fulfilling the role of aspirate in this surgical operation.,null_verb,False,10
405,Action Recognition,retract,retract,True,10
406,Action Recognition,The grasper is involved in performing retract during this surgery.,retract,True,10
407,Action Recognition,"retract, dissect",retract,True,10
408,Action Recognition,"retract, dissect",retract,True,10
409,Action Recognition,"retract, dissect",retract,True,10
410,Action Recognition,dissect,dissect,True,10
411,Action Recognition,The grasper is engaged in retract during this procedure.,retract,True,10
412,Action Recognition,The hook performs a null_verb task in this surgical procedure.,dissect,False,10
413,Action Recognition,"retract, dissect",retract,True,10
414,Action Recognition,The hook is assigned the task of dissect in this surgical image.,grasp,False,10
415,Action Recognition,The clipper is executing a null_verb task in this surgical image.,clip,False,10
416,Action Recognition,"retract, dissect",retract,True,10
417,Action Recognition,grasp,grasp,True,10
418,Action Recognition,dissect,dissect,True,10
419,Action Recognition,The movement made by the grasper is retract in this surgical image.,null_verb,False,10
420,Action Recognition,The hook is engaged in a dissect movement during this surgical operation.,dissect,True,10
421,Action Recognition,clip,cut,False,10
422,Action Recognition,The grasper performs retract in this surgery image.,retract,True,10
423,Action Recognition,The hook is carrying out a dissect task in this surgical image.,dissect,True,10
424,Action Recognition,grasp,grasp,True,10
425,Action Recognition,"retract, dissect",retract,True,10
426,Action Recognition,The hook is engaged in dissect within this surgical image.,dissect,True,10
427,Action Recognition,clip,retract,False,10
428,Action Recognition,The task of the grasper is to perform retract in this surgery.,retract,True,10
429,Action Recognition,dissect,dissect,True,10
430,Action Recognition,The clipper is fulfilling the role of clip in this surgical operation.,clip,True,10
431,Action Recognition,"retract, clip",retract,True,10
432,Action Recognition,The hook is performing a dissect action during this surgery.,dissect,True,10
433,Action Recognition,The grasper is performing a retract action in this surgery image.,retract,True,10
434,Action Recognition,retract,retract,True,10
435,Action Recognition,"retract, aspirate",retract,True,10
436,Action Recognition,The hook is involved in dissect within this surgical image.,dissect,True,10
437,Action Recognition,dissect,dissect,True,10
438,Action Recognition,dissect,dissect,True,10
439,Action Recognition,The bipolar is observed performing a coagulate action in this surgical procedure.,null_verb,False,10
440,Action Recognition,"retract, dissect",cut,False,10
441,Action Recognition,The task of the grasper is to perform retract in this surgery.,grasp,False,10
442,Action Recognition,dissect,dissect,True,10
443,Action Recognition,The hook executes dissect in this surgical procedure.,dissect,True,10
444,Action Recognition,dissect,dissect,True,10
445,Action Recognition,The grasper is acting with a grasp movement in this surgical image.,retract,False,10
446,Action Recognition,"retract, dissect",retract,True,10
447,Action Recognition,"retract, clip",retract,True,10
448,Action Recognition,grasp,grasp,True,10
449,Action Recognition,retract,retract,True,10
450,Action Recognition,The hook is performing a dissect in this surgery image.,dissect,True,10
451,Action Recognition,The movement demonstrated by the hook is dissect in this image.,null_verb,False,10
452,Action Recognition,The hook is fulfilling the role of dissect in this surgical operation.,retract,False,10
453,Action Recognition,dissect,dissect,True,10
454,Action Recognition,The hook is engaged in dissect within this surgical image.,dissect,True,10
455,Action Recognition,dissect,dissect,True,10
456,Action Recognition,dissect,dissect,True,10
457,Action Recognition,The hook executes dissect in this surgical procedure.,dissect,True,10
458,Action Recognition,"retract, dissect",retract,True,10
459,Action Recognition,The grasper is carrying out a retract procedure in this surgery.,retract,True,10
460,Action Recognition,"retract, dissect",retract,True,10
461,Action Recognition,dissect,dissect,True,10
462,Action Recognition,"retract, dissect",retract,True,10
463,Action Recognition,The hook is involved in performing dissect within this procedure.,dissect,True,10
464,Action Recognition,coagulate,coagulate,True,10
465,Action Recognition,"retract, dissect",retract,True,10
466,Action Recognition,The grasper is conducting a retract operation in this procedure.,retract,True,10
467,Action Recognition,"retract, dissect",retract,True,10
468,Action Recognition,dissect,retract,False,10
469,Action Recognition,"retract, aspirate",retract,True,10
470,Action Recognition,The grasper is performing a retract operation in this surgical image.,retract,True,10
471,Action Recognition,dissect,dissect,True,10
472,Action Recognition,dissect,retract,False,10
473,Action Recognition,The grasper's task is to perform retract in this surgery image.,retract,True,10
474,Action Recognition,The hook is engaged in dissect in this surgical image.,retract,False,10
475,Action Recognition,dissect,dissect,True,10
476,Action Recognition,dissect,dissect,True,10
477,Action Recognition,cut,cut,True,10
478,Action Recognition,The specific movement made by the grasper is retract in this surgery.,retract,True,10
479,Action Recognition,"retract, dissect",retract,True,10
480,Action Recognition,The grasper is involved in performing retract during this surgery.,retract,True,10
481,Action Recognition,grasp,grasp,True,10
482,Action Recognition,dissect,dissect,True,10
483,Action Recognition,dissect,dissect,True,10
484,Action Recognition,The grasper is engaged in retract in this surgical image.,retract,True,10
485,Action Recognition,The grasper is involved in performing grasp during this surgery.,retract,False,10
486,Action Recognition,The hook is carrying out a dissect task in this surgical image.,dissect,True,10
487,Action Recognition,The hook is performing a dissect action in this procedure.,dissect,True,10
488,Action Recognition,The grasper is performing a retract in this surgery image.,retract,True,10
489,Action Recognition,The hook is tasked with performing dissect in this surgical image.,grasp,False,10
490,Action Recognition,The grasper is performing a retract activity in this surgical image.,retract,True,10
491,Action Recognition,"retract, dissect",retract,True,10
492,Action Recognition,The irrigator performs a aspirate task in this surgical procedure.,retract,False,10
493,Action Recognition,The hook is playing the role of dissect in this surgical scene.,dissect,True,10
494,Action Recognition,The hook executes dissect in this surgical procedure.,null_verb,False,10
495,Action Recognition,grasp,grasp,True,10
496,Action Recognition,dissect,dissect,True,10
497,Action Recognition,The hook is executing dissect in this surgical procedure.,null_verb,False,10
498,Action Recognition,The movement made by the grasper is retract in this surgical image.,retract,True,10
499,Action Recognition,The hook is performing a dissect procedure in this surgical scene.,retract,False,10
500,Action Recognition,"retract, dissect",retract,True,10
501,Action Recognition,"retract, dissect",retract,True,10
502,Action Recognition,dissect,dissect,True,10
503,Action Recognition,The grasper is taking the retract action in this surgery.,retract,True,10
504,Action Recognition,The grasper is performing a grasp task in this image.,retract,False,10
505,Action Recognition,The grasper undertakes a retract task in this surgical scene.,retract,True,10
506,Action Recognition,The hook is performing the role of dissect in this surgical image.,grasp,False,10
507,Action Recognition,The hook is taking the dissect action in this surgery.,dissect,True,10
508,Action Recognition,The hook is assigned the task of null_verb in this surgical image.,grasp,False,10
509,Action Recognition,"retract, dissect",retract,True,10
510,Action Recognition,The grasper is executing a grasp task in this surgery.,grasp,True,10
511,Action Recognition,The grasper is fulfilling the role of retract in this surgical operation.,retract,True,10
512,Action Recognition,The grasper is accomplishing a retract task in this surgery.,retract,True,10
513,Action Recognition,The grasper is involved in performing retract during this surgery.,retract,True,10
514,Action Recognition,The grasper is performing a null_verb role in this surgery.,retract,False,10
515,Action Recognition,"retract, clip",retract,True,10
516,Action Recognition,The hook is observed performing null_verb in this operation.,dissect,False,10
517,Action Recognition,The hook performs a dissect maneuver in this surgery image.,retract,False,10
518,Action Recognition,The hook performs dissect in this surgery image.,dissect,True,10
519,Action Recognition,The hook is carrying out a dissect task in this surgery image.,retract,False,10
520,Action Recognition,retract,retract,True,10
521,Action Recognition,retract,retract,True,10
522,Action Recognition,dissect,dissect,True,10
523,Action Recognition,"retract, dissect",retract,True,10
524,Action Recognition,retract,retract,True,10
525,Action Recognition,dissect,dissect,True,10
526,Action Recognition,The hook is involved in dissect within this surgical image.,null_verb,False,10
527,Action Recognition,The movement of the grasper is retract in this surgery.,retract,True,10
528,Action Recognition,dissect,dissect,True,10
529,Action Recognition,The hook is assigned the task of dissect in this surgical image.,grasp,False,10
530,Action Recognition,The grasper is involved in performing retract within this procedure.,retract,True,10
531,Action Recognition,dissect,dissect,True,10
532,Action Recognition,The grasper handles a retract operation in this surgical image.,retract,True,10
533,Action Recognition,The hook performs a dissect maneuver in this surgery image.,retract,False,10
534,Action Recognition,The hook is carrying out a dissect procedure in this surgery.,dissect,True,10
535,Action Recognition,"retract, aspirate",retract,True,10
536,Action Recognition,The grasper is completing a retract action in this surgical image.,retract,True,10
537,Action Recognition,The grasper plays the role of retract in this surgical procedure.,retract,True,10
538,Action Recognition,retract,retract,True,10
539,Action Recognition,"retract, dissect",retract,True,10
540,Action Recognition,The hook is tasked with performing null_verb in this surgical image.,grasp,False,10
541,Action Recognition,aspirate,retract,False,10
542,Action Recognition,"retract, coagulate",retract,True,10
543,Action Recognition,dissect,retract,False,10
544,Action Recognition,"retract, dissect",dissect,True,10
545,Action Recognition,The grasper is performing a retract operation in this surgical image.,retract,True,10
546,Action Recognition,retract,retract,True,10
547,Action Recognition,The hook is performing a dissect operation in this surgical image.,retract,False,10
548,Action Recognition,The grasper is accomplishing null_verb in this surgery image.,retract,False,10
549,Action Recognition,The hook is doing a dissect action in this surgical image.,dissect,True,10
550,Action Recognition,The hook is observed performing a dissect action in this surgical procedure.,null_verb,False,10
551,Action Recognition,retract,retract,True,10
552,Action Recognition,The hook is engaged in dissect in this surgery image.,grasp,False,10
553,Action Recognition,"retract, dissect",retract,True,10
554,Action Recognition,"retract, dissect",retract,True,10
555,Action Recognition,The hook is engaged in null_verb during this surgical image.,dissect,False,10
556,Action Recognition,"retract, dissect",dissect,True,10
557,Action Recognition,dissect,dissect,True,10
558,Action Recognition,The hook is doing a dissect action in this surgical image.,dissect,True,10
559,Action Recognition,The hook shows dissect in this surgical scene.,dissect,True,10
560,Action Recognition,The grasper is observed performing a retract action in this surgical procedure.,null_verb,False,10
561,Action Recognition,"retract, dissect",retract,True,10
562,Action Recognition,The hook is doing a dissect action in this surgical image.,dissect,True,10
563,Action Recognition,The hook is engaged in dissect during this surgery.,dissect,True,10
564,Action Recognition,"retract, dissect",retract,True,10
565,Action Recognition,The grasper is performing retract in this surgical operation.,retract,True,10
566,Action Recognition,dissect,dissect,True,10
567,Action Recognition,The movement shown by the hook is dissect in this surgical image.,null_verb,False,10
568,Action Recognition,The hook is carrying out a dissect task in this surgery.,grasp,False,10
569,Action Recognition,The grasper is performing a retract task in this image.,retract,True,10
570,Action Recognition,dissect,dissect,True,10
571,Action Recognition,The hook is performing a dissect action during this surgery.,dissect,True,10
572,Action Recognition,grasp,grasp,True,10
573,Action Recognition,retract,retract,True,10
574,Action Recognition,retract,retract,True,10
575,Action Recognition,The grasper performs retract in this surgery image.,retract,True,10
576,Action Recognition,retract,retract,True,10
577,Action Recognition,The grasper is carrying out a retract procedure in this surgery.,retract,True,10
578,Action Recognition,clip,retract,False,10
579,Action Recognition,The hook is executing dissect in this surgical scene.,dissect,True,10
580,Action Recognition,The hook handles a dissect operation in this surgical image.,dissect,True,10
581,Action Recognition,The hook is involved in dissect within this surgical image.,dissect,True,10
582,Action Recognition,The grasper is accomplishing retract in this surgery image.,retract,True,10
583,Action Recognition,dissect,dissect,True,10
584,Action Recognition,dissect,dissect,True,10
585,Action Recognition,The hook has the role of performing dissect in this surgery image.,retract,False,10
586,Action Recognition,"retract, dissect",retract,True,10
587,Action Recognition,The grasper is fulfilling the role of retract in this surgical operation.,retract,True,10
588,Action Recognition,The grasper is performing retract in this surgical image.,retract,True,10
589,Action Recognition,The grasper executes a null_verb movement in this surgical image.,grasp,False,10
590,Action Recognition,The grasper takes a retract action in this surgical procedure.,retract,True,10
591,Action Recognition,The hook is handling a dissect operation in this surgery.,dissect,True,10
592,Action Recognition,"retract, dissect",retract,True,10
593,Action Recognition,retract,retract,True,10
594,Action Recognition,The movement made by the grasper is retract in this surgical image.,retract,True,10
595,Action Recognition,The hook is carrying out a dissect procedure in this surgery.,dissect,True,10
596,Action Recognition,dissect,dissect,True,10
597,Action Recognition,null verb,grasp,False,10
598,Action Recognition,dissect,dissect,True,10
599,Action Recognition,dissect,dissect,True,10
600,Action Recognition,The grasper executes grasp in this surgical procedure.,retract,False,10
601,Action Recognition,The grasper is performing a retract operation in this surgical image.,retract,True,10
602,Action Recognition,The hook is executing a dissect task in this surgery.,dissect,True,10
603,Action Recognition,The grasper takes a retract action in this surgical procedure.,retract,True,10
604,Action Recognition,The hook is engaged in dissect in this surgical image.,retract,False,10
605,Action Recognition,dissect,dissect,True,10
606,Action Recognition,dissect,dissect,True,10
607,Action Recognition,The movement carried out by the hook is dissect in this surgery.,dissect,True,10
608,Action Recognition,The grasper undertakes a retract task in this surgical scene.,retract,True,10
609,Action Recognition,dissect,dissect,True,10
610,Action Recognition,"retract, dissect",retract,True,10
611,Action Recognition,The grasper completes a retract task in this surgical image.,retract,True,10
612,Action Recognition,The specific movement made by the grasper is retract in this surgery.,retract,True,10
613,Action Recognition,The hook is executing a dissect task in this surgery.,dissect,True,10
614,Action Recognition,The grasper is performing a retract action in this surgery image.,retract,True,10
615,Action Recognition,dissect,dissect,True,10
616,Action Recognition,The grasper is engaged in retract within this surgical image.,grasp,False,10
617,Action Recognition,"retract, dissect",retract,True,10
618,Action Recognition,retract,retract,True,10
619,Action Recognition,The hook is performing a dissect action in this surgery image.,retract,False,10
620,Action Recognition,The grasper is performing a retract activity in this surgical image.,retract,True,10
621,Action Recognition,The hook demonstrates a dissect movement in this surgery image.,retract,False,10
622,Action Recognition,The grasper is carrying out a retract procedure in this surgery.,retract,True,10
623,Action Recognition,"retract, clip",retract,True,10
624,Action Recognition,dissect,dissect,True,10
625,Action Recognition,dissect,dissect,True,10
626,Action Recognition,The hook is doing a dissect action in this surgical image.,dissect,True,10
627,Action Recognition,coagulate,coagulate,True,10
628,Action Recognition,The hook is engaged in dissect during this procedure.,dissect,True,10
629,Action Recognition,retract,retract,True,10
630,Action Recognition,"retract, dissect",retract,True,10
631,Action Recognition,The hook is executing dissect in this surgical scene.,dissect,True,10
632,Action Recognition,The movement of the grasper is grasp in this image.,null_verb,False,10
633,Action Recognition,The hook is carrying out a dissect action in this surgical scene.,dissect,True,10
634,Action Recognition,clip,cut,False,10
635,Action Recognition,The movement of the hook is dissect in this image.,null_verb,False,10
636,Action Recognition,dissect,dissect,True,10
637,Action Recognition,dissect,dissect,True,10
638,Action Recognition,dissect,dissect,True,10
639,Action Recognition,The grasper is observed performing a grasp action in this surgical procedure.,retract,False,10
640,Action Recognition,dissect,dissect,True,10
641,Action Recognition,The grasper is doing a grasp action in this surgical image.,retract,False,10
642,Action Recognition,The grasper handles a retract operation in this surgical image.,retract,True,10
643,Action Recognition,retract,retract,True,10
644,Action Recognition,The movement performed by the hook is null_verb in this surgery.,dissect,False,10
645,Action Recognition,"retract, dissect",retract,True,10
646,Action Recognition,coagulate,retract,False,10
647,Action Recognition,"retract, dissect",retract,True,10
648,Action Recognition,dissect,dissect,True,10
649,Action Recognition,The hook has the role of performing dissect in this surgery image.,retract,False,10
650,Action Recognition,The grasper is performing a grasp action during this surgery.,retract,False,10
651,Action Recognition,The irrigator performs a aspirate action in this surgery image.,retract,False,10
652,Action Recognition,The hook is performing a dissect role in this surgery.,retract,False,10
653,Action Recognition,dissect,dissect,True,10
654,Action Recognition,"retract, dissect",retract,True,10
655,Action Recognition,The grasper is taking the retract action in this surgery.,retract,True,10
656,Action Recognition,The irrigator is performing a aspirate action in this surgical image.,retract,False,10
657,Action Recognition,The hook is carrying out a dissect procedure in this surgery.,dissect,True,10
658,Action Recognition,aspirate,retract,False,10
659,Action Recognition,The hook is performing a dissect role in this surgery.,dissect,True,10
660,Action Recognition,The grasper is performing a retract task in this surgical image.,retract,True,10
661,Action Recognition,The grasper is engaged in retract in this surgical image.,retract,True,10
662,Action Recognition,The grasper performs a retract maneuver in this surgery image.,retract,True,10
663,Action Recognition,retract,retract,True,10
664,Action Recognition,The grasper performs null_verb in this surgery image.,retract,False,10
665,Action Recognition,The hook handles a dissect operation in this surgical image.,retract,False,10
666,Action Recognition,retract,retract,True,10
667,Action Recognition,The grasper is fulfilling the role of retract in this surgical operation.,null_verb,False,10
668,Action Recognition,The hook is carrying out a dissect operation in this surgery.,dissect,True,10
669,Action Recognition,"retract, aspirate",retract,True,10
670,Action Recognition,The hook executes a dissect movement in this surgical image.,dissect,True,10
671,Action Recognition,The hook is acting with a dissect movement in this surgical image.,retract,False,10
672,Action Recognition,"grasp, dissect",retract,False,10
673,Action Recognition,"retract, dissect",retract,True,10
674,Action Recognition,dissect,retract,False,10
675,Action Recognition,The hook shows dissect in this surgical scene.,dissect,True,10
676,Action Recognition,The hook is accomplishing a dissect task in this surgery.,grasp,False,10
677,Action Recognition,The grasper is accomplishing retract in this surgery image.,retract,True,10
678,Action Recognition,The irrigator is assigned the task of aspirate in this surgical image.,irrigate,False,10
679,Action Recognition,The grasper is executing a grasp task in this surgical image.,retract,False,10
680,Action Recognition,The grasper is carrying out a retract task in this surgery.,retract,True,10
681,Action Recognition,The grasper is conducting a retract operation in this procedure.,retract,True,10
682,Action Recognition,"retract, clip",retract,True,10
683,Action Recognition,"retract, dissect",retract,True,10
684,Action Recognition,The movement made by the grasper is retract in this surgical image.,retract,True,10
685,Action Recognition,"retract, dissect",dissect,True,10
686,Action Recognition,"retract, dissect",retract,True,10
687,Action Recognition,The hook is executing a null_verb task in this surgery.,dissect,False,10
688,Action Recognition,"retract, dissect",retract,True,10
689,Action Recognition,The grasper is engaged in null_verb in this surgical image.,retract,False,10
690,Action Recognition,The hook is engaged in dissect within this surgical image.,dissect,True,10
691,Action Recognition,The hook is executing a dissect task in this surgical image.,dissect,True,10
692,Action Recognition,The grasper is executing null_verb in this surgical scene.,retract,False,10
693,Action Recognition,The hook is observed performing dissect in this operation.,dissect,True,10
694,Action Recognition,The hook is completing a null_verb action in this surgical image.,grasp,False,10
695,Action Recognition,The scissors is taking the cut action in this surgery.,dissect,False,10
696,Action Recognition,The hook is performing dissect in this surgery image.,dissect,True,10
697,Action Recognition,The grasper is fulfilling the role of retract in this surgical operation.,retract,True,10
698,Action Recognition,The grasper performs a retract maneuver in this surgery image.,retract,True,10
699,Action Recognition,The hook is observed performing a dissect action in this surgical procedure.,null_verb,False,10
700,Action Recognition,The grasper performs a null_verb action in this surgery image.,retract,False,10
701,Action Recognition,The grasper is executing a pack operation in this surgery image.,retract,False,10
702,Action Recognition,"retract, dissect",retract,True,10
703,Action Recognition,The hook is taking the dissect action in this surgery.,dissect,True,10
704,Action Recognition,"retract, coagulate",retract,True,10
705,Action Recognition,The grasper is acting with a retract movement in this surgical image.,retract,True,10
706,Action Recognition,The clipper takes a clip action in this surgical procedure.,clip,True,10
707,Action Recognition,The grasper performs grasp in this surgery image.,retract,False,10
708,Action Recognition,The grasper shows retract in this surgical scene.,retract,True,10
709,Action Recognition,dissect,dissect,True,10
710,Action Recognition,The hook is performing a dissect in this surgery image.,dissect,True,10
711,Action Recognition,clip,cut,False,10
712,Action Recognition,clip,retract,False,10
713,Action Recognition,dissect,dissect,True,10
714,Action Recognition,The hook plays the role of dissect in this surgical procedure.,dissect,True,10
715,Action Recognition,The grasper serves the function of retract in this surgery.,retract,True,10
716,Action Recognition,"retract, aspirate",retract,True,10
717,Action Recognition,The irrigator is performing a aspirate procedure in this surgical scene.,retract,False,10
718,Action Recognition,retract,retract,True,10
719,Action Recognition,"retract, dissect",retract,True,10
720,Action Recognition,The grasper is performing a null_verb action in this surgical procedure.,null_verb,True,10
721,Action Recognition,The hook is performing a dissect action in this surgical image.,dissect,True,10
722,Action Recognition,dissect,dissect,True,10
723,Action Recognition,clip,retract,False,10
724,Action Recognition,The hook is executing a dissect function in this surgery.,grasp,False,10
725,Action Recognition,"retract, dissect",retract,True,10
726,Action Recognition,The hook is executing dissect in this surgical procedure.,dissect,True,10
727,Action Recognition,dissect,retract,False,10
728,Action Recognition,dissect,dissect,True,10
729,Action Recognition,The movement shown by the grasper is retract in this surgical image.,retract,True,10
730,Action Recognition,dissect,dissect,True,10
731,Action Recognition,dissect,dissect,True,10
732,Action Recognition,dissect,dissect,True,10
733,Action Recognition,dissect,dissect,True,10
734,Action Recognition,"retract, dissect",retract,True,10
735,Action Recognition,"retract, dissect",retract,True,10
736,Action Recognition,The hook is performing a dissect action in this surgical image.,dissect,True,10
737,Action Recognition,"retract, dissect",retract,True,10
738,Action Recognition,The hook is performing a dissect role in this surgery.,grasp,False,10
739,Action Recognition,"retract, dissect",dissect,True,10
740,Action Recognition,The grasper plays the role of retract in this surgical image.,retract,True,10
741,Action Recognition,"retract, dissect",retract,True,10
742,Action Recognition,dissect,dissect,True,10
743,Action Recognition,retract,retract,True,10
744,Action Recognition,The grasper is observed performing retract in this operation.,retract,True,10
745,Action Recognition,The grasper performs retract in this surgery image.,null_verb,False,10
746,Action Recognition,The action of the grasper is grasp during this surgical image.,grasp,True,10
747,Action Recognition,The hook performs a dissect operation in this surgical image.,retract,False,10
748,Action Recognition,retract,retract,True,10
749,Action Recognition,dissect,dissect,True,10
750,Action Recognition,The bipolar is performing a coagulate activity in this surgical image.,coagulate,True,10
751,Action Recognition,The specific movement made by the grasper is null_verb in this surgery.,retract,False,10
752,Action Recognition,The hook is performing a dissect action in this surgical image.,dissect,True,10
753,Action Recognition,"retract, dissect",retract,True,10
754,Action Recognition,The movement carried out by the hook is dissect in this surgery.,retract,False,10
755,Action Recognition,The hook is handling a dissect operation in this surgery.,dissect,True,10
756,Action Recognition,The grasper is executing a retract operation in this surgery image.,retract,True,10
757,Action Recognition,The action of the grasper is retract during this surgical procedure.,grasp,False,10
758,Action Recognition,The movement performed by the hook is dissect in this surgery.,dissect,True,10
759,Action Recognition,The grasper is assigned the task of retract in this surgical image.,grasp,False,10
760,Action Recognition,retract,retract,True,10
761,Action Recognition,The grasper is involved in performing retract during this surgery.,retract,True,10
762,Action Recognition,The movement demonstrated by the grasper is retract in this image.,retract,True,10
763,Action Recognition,retract,retract,True,10
764,Action Recognition,dissect,dissect,True,10
765,Action Recognition,The movement shown by the hook is dissect in this surgical image.,retract,False,10
766,Action Recognition,The movement shown by the hook is dissect in this surgery image.,dissect,True,10
767,Action Recognition,The grasper is performing a retract activity in this surgical image.,retract,True,10
768,Action Recognition,The hook plays the role of dissect in this surgical procedure.,retract,False,10
769,Action Recognition,The grasper is carrying out a grasp action in this surgical scene.,retract,False,10
770,Action Recognition,The hook is doing a dissect action in this surgical image.,dissect,True,10
771,Action Recognition,The hook is handling a dissect operation in this surgery.,dissect,True,10
772,Action Recognition,The grasper is involved in performing retract during this surgery.,retract,True,10
773,Action Recognition,The grasper is fulfilling the role of retract in this surgical operation.,retract,True,10
774,Action Recognition,The hook is conducting a dissect operation in this procedure.,dissect,True,10
775,Action Recognition,"retract, dissect",retract,True,10
776,Action Recognition,The movement demonstrated by the hook is dissect in this image.,null_verb,False,10
777,Action Recognition,dissect,dissect,True,10
778,Action Recognition,grasp,grasp,True,10
779,Action Recognition,retract,retract,True,10
780,Action Recognition,The grasper is performing a null_verb in this surgery image.,retract,False,10
781,Action Recognition,The grasper is assigned the task of retract in this surgical image.,grasp,False,10
782,Action Recognition,"retract, dissect",dissect,True,10
783,Action Recognition,The grasper is performing a retract action in this surgical image.,retract,True,10
784,Action Recognition,"retract, dissect",retract,True,10
785,Action Recognition,dissect,dissect,True,10
786,Action Recognition,The hook is carrying out a dissect action in this surgical scene.,dissect,True,10
787,Action Recognition,The grasper is tasked with performing retract in this surgical image.,retract,True,10
788,Action Recognition,"retract, dissect",retract,True,10
789,Action Recognition,"retract, dissect",retract,True,10
790,Action Recognition,The grasper is performing retract in this surgical image.,retract,True,10
791,Action Recognition,The clipper is performing a clip in this surgery image.,clip,True,10
792,Action Recognition,retract,retract,True,10
793,Action Recognition,The action observed by the hook is dissect in this surgical scene.,dissect,True,10
794,Action Recognition,The grasper is observed performing a grasp action in this surgical procedure.,retract,False,10
795,Action Recognition,The hook is fulfilling a dissect function in this image.,dissect,True,10
796,Action Recognition,The grasper executes retract in this surgical procedure.,retract,True,10
797,Action Recognition,The scissors performs cut in this surgery image.,clip,False,10
798,Action Recognition,The grasper performs a retract movement in this procedure.,retract,True,10
799,Action Recognition,dissect,retract,False,10
800,Instrument Recognition,hook,hook,True,6
801,Instrument Recognition,bipolar,bipolar,True,6
802,Instrument Recognition,grasper,grasper,True,6
803,Instrument Recognition,"## Surgical Answers
(1) They fit into Clipper.
(2) The identified phase is Clipping Cutting.",grasper,False,6
804,Instrument Recognition,"## Surgical Answers
(1) They fall under the categories Grasper, Hook.
(2) The identified phase is Gallbladder Dissection.",grasper,True,6
805,Instrument Recognition,"grasper, hook",grasper,True,6
806,Instrument Recognition,hook,hook,True,6
807,Instrument Recognition,"They are classified into the categories: grasper, hook.",grasper,True,6
808,Instrument Recognition,hook,grasper,False,6
809,Instrument Recognition,hook,hook,True,6
810,Instrument Recognition,hook,hook,True,6
811,Instrument Recognition,"## Surgical Answers
(1) The instruments fit into the categories Grasper, Hook.
(2) The depicted phase is Calot Triangle Dissection.",grasper,True,6
812,Instrument Recognition,"grasper, hook",grasper,True,6
813,Instrument Recognition,Their categories are hook.,hook,True,6
814,Instrument Recognition,hook,hook,True,6
815,Instrument Recognition,grasper,grasper,True,6
816,Instrument Recognition,irrigator,grasper,False,6
817,Instrument Recognition,"They belong to Grasper, Hook.",grasper,True,6
818,Instrument Recognition,"grasper, hook",grasper,True,6
819,Instrument Recognition,"They fit the categories Grasper, Clipper.",clipper,True,6
820,Instrument Recognition,"They belong to grasper, hook.",grasper,True,6
821,Instrument Recognition,hook,hook,True,6
822,Instrument Recognition,They fall under the categories hook.,grasper,False,6
823,Instrument Recognition,hook,hook,True,6
824,Instrument Recognition,"grasper, hook",grasper,True,6
825,Instrument Recognition,"grasper, hook",grasper,True,6
826,Instrument Recognition,bipolar,bipolar,True,6
827,Instrument Recognition,"They belong to the categories grasper, hook.",scissors,False,6
828,Instrument Recognition,The instrument categories are Hook.,hook,True,6
829,Instrument Recognition,hook,hook,True,6
830,Instrument Recognition,"They are categorized as grasper, scissors.",clipper,False,6
831,Instrument Recognition,hook,hook,True,6
832,Instrument Recognition,hook,hook,True,6
833,Instrument Recognition,"They belong to the categories grasper, hook.",grasper,True,6
834,Instrument Recognition,"Their categories are hook, grasper.",grasper,True,6
835,Instrument Recognition,"They are classified as grasper, scissors.",clipper,False,6
836,Instrument Recognition,"grasper, hook",grasper,True,6
837,Instrument Recognition,"They are part of the categories grasper, hook.",hook,True,6
838,Instrument Recognition,"grasper, hook",grasper,True,6
839,Instrument Recognition,"grasper, hook",grasper,True,6
840,Instrument Recognition,The instruments fit into the categories hook.,irrigator,False,6
841,Instrument Recognition,"## Surgical Answers
(1) They belong to the categories Grasper, SpecimenBag.
(2) The phase is Gallbladder Packaging.",irrigator,False,6
842,Instrument Recognition,"The types shown are grasper, hook.",grasper,True,6
843,Instrument Recognition,"## Surgical Answers
(1) Their categories are Grasper, Bipolar.
(2) The depicted phase is Cleaning Coagulation.",irrigator,False,6
844,Instrument Recognition,"grasper, hook",grasper,True,6
845,Instrument Recognition,"The categories are Grasper, Hook.",hook,True,6
846,Instrument Recognition,hook,hook,True,6
847,Instrument Recognition,They are categorized as hook.,irrigator,False,6
848,Instrument Recognition,"They are classified as grasper, hook.",grasper,True,6
849,Instrument Recognition,hook,hook,True,6
850,Instrument Recognition,"## Surgical Answers
(1) Their categories are Hook.
(2) The phase captured is Calot Triangle Dissection.",grasper,False,6
851,Instrument Recognition,"## Surgical Answers
(1) They fit into Grasper, Hook.
(2) It suggests the Gallbladder Dissection phase.",grasper,True,6
852,Instrument Recognition,These instruments are part of clipper.,bipolar,False,6
853,Instrument Recognition,They fit into Bipolar.,bipolar,True,6
854,Instrument Recognition,Their categories are hook.,hook,True,6
855,Instrument Recognition,"grasper, hook",hook,True,6
856,Instrument Recognition,hook,hook,True,6
857,Instrument Recognition,"grasper, hook",grasper,True,6
858,Instrument Recognition,hook,hook,True,6
859,Instrument Recognition,They fit into the categories hook.,irrigator,False,6
860,Instrument Recognition,"They belong to the categories grasper, scissors.",grasper,True,6
861,Instrument Recognition,hook,hook,True,6
862,Instrument Recognition,hook,hook,True,6
863,Instrument Recognition,They belong to the categories Hook.,hook,True,6
864,Instrument Recognition,"## Surgical Answers
(1) They belong to the categories Grasper, Hook.
(2) The procedure is in the Calot Triangle Dissection phase.",grasper,True,6
865,Instrument Recognition,"They fall under the categories grasper, hook.",irrigator,False,6
866,Instrument Recognition,"They belong to the categories grasper, hook.",grasper,True,6
867,Instrument Recognition,"## Surgical Answers
(1) Their categories are Grasper, Hook.
(2) The phase represented is Calot Triangle Dissection.",grasper,True,6
868,Instrument Recognition,"The categories are grasper, hook.",hook,True,6
869,Instrument Recognition,They belong to the categories Bipolar.,bipolar,True,6
870,Instrument Recognition,They are classified as hook.,hook,True,6
871,Instrument Recognition,grasper,grasper,True,6
872,Instrument Recognition,"grasper, hook",grasper,True,6
873,Instrument Recognition,They fall under the categories grasper.,irrigator,False,6
874,Instrument Recognition,grasper,grasper,True,6
875,Instrument Recognition,"grasper, hook",grasper,True,6
876,Instrument Recognition,"They belong to the following categories: grasper, hook.",grasper,True,6
877,Instrument Recognition,"The instrument categories are grasper, hook.",hook,True,6
878,Instrument Recognition,hook,hook,True,6
879,Instrument Recognition,They are of types Grasper.,grasper,True,6
880,Instrument Recognition,"grasper, clipper",grasper,True,6
881,Instrument Recognition,"## Surgical Answers
(1) The instrument categories are Grasper, Clipper.
(2) The phase is Clipping Cutting.",grasper,True,6
882,Instrument Recognition,They fit into the categories grasper.,grasper,True,6
883,Instrument Recognition,hook,hook,True,6
884,Instrument Recognition,"The categories of the instruments are grasper, hook.",hook,True,6
885,Instrument Recognition,"grasper, hook",grasper,True,6
886,Instrument Recognition,clipper,clipper,True,6
887,Instrument Recognition,grasper,grasper,True,6
888,Instrument Recognition,"grasper, hook",grasper,True,6
889,Instrument Recognition,hook,hook,True,6
890,Instrument Recognition,grasper,grasper,True,6
891,Instrument Recognition,"The instrument categories are grasper, hook.",hook,True,6
892,Instrument Recognition,"## Surgical Answers
(1) The instruments fit into the categories Hook.
(2) The stage corresponds to Gallbladder Dissection.",grasper,False,6
893,Instrument Recognition,They fall under the categories grasper.,grasper,True,6
894,Instrument Recognition,"They are categorized as grasper, hook.",grasper,True,6
895,Instrument Recognition,They belong to the categories Hook.,grasper,False,6
896,Instrument Recognition,hook,hook,True,6
897,Instrument Recognition,hook,hook,True,6
898,Instrument Recognition,"The categories are grasper, hook.",hook,True,6
899,Instrument Recognition,"grasper, hook",grasper,True,6
900,Instrument Recognition,They are categorized as Hook.,hook,True,6
901,Instrument Recognition,They belong to the following categories: grasper.,irrigator,False,6
902,Instrument Recognition,hook,hook,True,6
903,Instrument Recognition,"grasper, hook",grasper,True,6
904,Instrument Recognition,grasper,grasper,True,6
905,Instrument Recognition,"They fall under the categories grasper, hook.",hook,True,6
906,Instrument Recognition,"grasper, hook",grasper,True,6
907,Instrument Recognition,"grasper, clipper",grasper,True,6
908,Instrument Recognition,They belong to hook.,hook,True,6
909,Instrument Recognition,hook,hook,True,6
910,Instrument Recognition,"They are part of the categories Grasper, Hook.",hook,True,6
911,Instrument Recognition,"They belong to grasper, clipper.",grasper,True,6
912,Instrument Recognition,"## Surgical Answers
(1) They belong to the categories Hook.
(2) It's classified as the Gallbladder Dissection phase.",grasper,False,6
913,Instrument Recognition,hook,hook,True,6
914,Instrument Recognition,"The visible instruments fall under grasper, hook.",hook,True,6
915,Instrument Recognition,They are categorized under hook.,clipper,False,6
916,Instrument Recognition,These instruments are part of Grasper.,grasper,True,6
917,Instrument Recognition,They are classified under hook.,grasper,False,6
918,Instrument Recognition,hook,hook,True,6
919,Instrument Recognition,They fit the categories bipolar.,bipolar,True,6
920,Instrument Recognition,"grasper, hook",grasper,True,6
921,Instrument Recognition,They are classified as hook.,hook,True,6
922,Instrument Recognition,They belong to the categories Hook.,scissors,False,6
923,Instrument Recognition,hook,hook,True,6
924,Instrument Recognition,"## Surgical Answers
(1) They fit into the categories Grasper, Hook.
(2) The phase is Gallbladder Dissection.",grasper,True,6
925,Instrument Recognition,"grasper, hook",grasper,True,6
926,Instrument Recognition,The instrument categories are hook.,hook,True,6
927,Instrument Recognition,"The instruments belong to the categories Grasper, Hook.",clipper,False,6
928,Instrument Recognition,"## Surgical Answers
(1) Their categories are Scissors.
(2) The phase represented is Clipping Cutting.",grasper,False,6
929,Instrument Recognition,"## Surgical Answers
(1) They belong to the categories Hook.
(2) The reflected phase is Gallbladder Dissection.",irrigator,False,6
930,Instrument Recognition,hook,hook,True,6
931,Instrument Recognition,They belong to the following categories: grasper.,grasper,True,6
932,Instrument Recognition,"They fall under the categories grasper, hook.",grasper,True,6
933,Instrument Recognition,They fall under the categories hook.,hook,True,6
934,Instrument Recognition,"grasper, hook",hook,True,6
935,Instrument Recognition,"grasper, hook",grasper,True,6
936,Instrument Recognition,"The categories are Grasper, Hook.",hook,True,6
937,Instrument Recognition,"grasper, hook",grasper,True,6
938,Instrument Recognition,"They belong to the categories grasper, hook.",irrigator,False,6
939,Instrument Recognition,"## Surgical Answers
(1) The categories are Hook.
(2) The phase represented is Gallbladder Dissection.",grasper,False,6
940,Instrument Recognition,"grasper, hook",grasper,True,6
941,Instrument Recognition,They fit into the categories hook.,clipper,False,6
942,Instrument Recognition,"They belong to the categories grasper, hook.",grasper,True,6
943,Instrument Recognition,They belong to the categories Hook.,hook,True,6
944,Instrument Recognition,grasper,grasper,True,6
945,Instrument Recognition,Their categories are hook.,grasper,False,6
946,Instrument Recognition,The categories are hook.,hook,True,6
947,Instrument Recognition,They are classified as grasper.,bipolar,False,6
948,Instrument Recognition,The instruments fit into the categories hook.,irrigator,False,6
949,Instrument Recognition,They are classified under hook.,grasper,False,6
950,Instrument Recognition,Their categories are grasper.,grasper,True,6
951,Instrument Recognition,"grasper, hook",grasper,True,6
952,Instrument Recognition,hook,hook,True,6
953,Instrument Recognition,"They belong to the categories Grasper, Hook.",grasper,True,6
954,Instrument Recognition,"## Surgical Answers
(1) These instruments are part of Grasper.
(2) The phase captured is Cleaning Coagulation.",grasper,True,6
955,Instrument Recognition,"They belong to grasper, hook.",hook,True,6
956,Instrument Recognition,"## Surgical Answers
(1) The categories are Hook.
(2) It's showing the Calot Triangle Dissection phase.",grasper,False,6
957,Instrument Recognition,They are categorized as hook.,hook,True,6
958,Instrument Recognition,"grasper, hook",grasper,True,6
959,Instrument Recognition,grasper,grasper,True,6
960,Instrument Recognition,The instrument categories are bipolar.,bipolar,True,6
961,Instrument Recognition,"The types of the instruments are grasper, hook.",grasper,True,6
962,Instrument Recognition,hook,hook,True,6
963,Instrument Recognition,"grasper, hook",grasper,True,6
964,Instrument Recognition,hook,hook,True,6
965,Instrument Recognition,"grasper, hook",grasper,True,6
966,Instrument Recognition,"They are classified as grasper, hook.",grasper,True,6
967,Instrument Recognition,"They fall under Grasper, Hook.",bipolar,False,6
968,Instrument Recognition,They are classified under the categories grasper.,grasper,True,6
969,Instrument Recognition,They belong to the following categories: hook.,hook,True,6
970,Instrument Recognition,hook,hook,True,6
971,Instrument Recognition,They are categorized as Hook.,hook,True,6
972,Instrument Recognition,"## Surgical Answers
(1) The instrument categories are Grasper, Hook.
(2) The surgical phase is Gallbladder Dissection.",grasper,True,6
973,Instrument Recognition,hook,hook,True,6
974,Instrument Recognition,"They fall into grasper, hook.",clipper,False,6
975,Instrument Recognition,"They are classified into the categories: grasper, grasper.",grasper,True,6
976,Instrument Recognition,"They fall into the categories Grasper, Hook.",clipper,False,6
977,Instrument Recognition,"The categories of the instruments are grasper, hook.",hook,True,6
978,Instrument Recognition,hook,hook,True,6
979,Instrument Recognition,hook,hook,True,6
980,Instrument Recognition,grasper,grasper,True,6
981,Instrument Recognition,grasper,grasper,True,6
982,Instrument Recognition,grasper,grasper,True,6
983,Instrument Recognition,"grasper, hook",grasper,True,6
984,Instrument Recognition,They are of types bipolar.,grasper,False,6
985,Instrument Recognition,"grasper, hook",grasper,True,6
986,Instrument Recognition,grasper,grasper,True,6
987,Instrument Recognition,"grasper, hook",grasper,True,6
988,Instrument Recognition,"The classification of the instruments is Grasper, Hook.",grasper,True,6
989,Instrument Recognition,hook,hook,True,6
990,Instrument Recognition,hook,hook,True,6
991,Instrument Recognition,They are part of the categories hook.,hook,True,6
992,Instrument Recognition,The categories of the instruments are Hook.,hook,True,6
993,Instrument Recognition,"## Surgical Answers
(1) They are categorized as Grasper, Bipolar.
(2) This is the Cleaning Coagulation phase.",grasper,True,6
994,Instrument Recognition,"The categories are grasper, clipper.",grasper,True,6
995,Instrument Recognition,They fit into hook.,grasper,False,6
996,Instrument Recognition,"grasper, hook",grasper,True,6
997,Instrument Recognition,grasper,grasper,True,6
998,Instrument Recognition,"They belong to the categories grasper, grasper.",grasper,True,6
999,Instrument Recognition,They are categorized as hook.,hook,True,6
1000,Instrument Recognition,"grasper, hook",hook,True,6
1001,Instrument Recognition,"grasper, hook",grasper,True,6
1002,Instrument Recognition,The categories are Hook.,hook,True,6
1003,Instrument Recognition,grasper,grasper,True,6
1004,Instrument Recognition,hook,hook,True,6
1005,Instrument Recognition,They are categorized as Hook.,irrigator,False,6
1006,Instrument Recognition,They fall under the categories grasper.,grasper,True,6
1007,Instrument Recognition,hook,hook,True,6
1008,Instrument Recognition,grasper,grasper,True,6
1009,Instrument Recognition,grasper,grasper,True,6
1010,Instrument Recognition,"They fall under the categories grasper, grasper.",clipper,False,6
1011,Instrument Recognition,They fall into hook.,bipolar,False,6
1012,Instrument Recognition,"They fall into the categories grasper, hook.",clipper,False,6
1013,Instrument Recognition,They are categorized as hook.,hook,True,6
1014,Instrument Recognition,The visible instruments fall under hook.,hook,True,6
1015,Instrument Recognition,"They belong to the categories grasper, hook.",hook,True,6
1016,Instrument Recognition,"These instruments can be classified as grasper, irrigator, grasper.",irrigator,True,6
1017,Instrument Recognition,These instruments are part of hook.,hook,True,6
1018,Instrument Recognition,"grasper, scissors",grasper,True,6
1019,Instrument Recognition,"Their categories are Grasper, Hook.",grasper,True,6
1020,Instrument Recognition,They are classified as grasper.,grasper,True,6
1021,Instrument Recognition,"grasper, hook",grasper,True,6
1022,Instrument Recognition,"## Surgical Answers
(1) They are categorized as Grasper, Hook.
(2) The phase is Gallbladder Dissection.",grasper,True,6
1023,Instrument Recognition,grasper,grasper,True,6
1024,Instrument Recognition,"## Surgical Answers
(1) They belong to the categories Hook.
(2) It represents the Calot Triangle Dissection phase.",grasper,False,6
1025,Instrument Recognition,"## Surgical Answers
(1) They are part of the categories Grasper, Hook.
(2) The phase captured is Calot Triangle Dissection.",grasper,True,6
1026,Instrument Recognition,"## Surgical Answers
(1) Their categories are Grasper, Hook.
(2) The phase is Gallbladder Dissection.",irrigator,False,6
1027,Instrument Recognition,grasper,grasper,True,6
1028,Instrument Recognition,"They are categorized as grasper, hook.",grasper,True,6
1029,Instrument Recognition,"grasper, hook",grasper,True,6
1030,Instrument Recognition,"The categories are grasper, hook.",hook,True,6
1031,Instrument Recognition,grasper,grasper,True,6
1032,Instrument Recognition,hook,hook,True,6
1033,Instrument Recognition,hook,hook,True,6
1034,Instrument Recognition,"The categories are grasper, irrigator.",grasper,True,6
1035,Instrument Recognition,hook,grasper,False,6
1036,Instrument Recognition,"They are classified under the categories grasper, hook.",clipper,False,6
1037,Instrument Recognition,"They are part of the categories Grasper, Hook.",hook,True,6
1038,Instrument Recognition,"They are classified as grasper, hook.",hook,True,6
1039,Instrument Recognition,"## Surgical Answers
(1) They are categorized under Grasper, Clipper.
(2) The procedure is in the Clipping Cutting phase.",grasper,True,6
1040,Instrument Recognition,"grasper, hook",grasper,True,6
1041,Instrument Recognition,"They belong to the categories grasper, hook.",grasper,True,6
1042,Instrument Recognition,clipper,grasper,False,6
1043,Instrument Recognition,clipper,grasper,False,6
1044,Instrument Recognition,The types of the instruments are Grasper.,bipolar,False,6
1045,Instrument Recognition,hook,hook,True,6
1046,Instrument Recognition,They fit into hook.,hook,True,6
1047,Instrument Recognition,hook,hook,True,6
1048,Instrument Recognition,"They are classified as grasper, hook.",irrigator,False,6
1049,Instrument Recognition,grasper,grasper,True,6
1050,Instrument Recognition,grasper,grasper,True,6
1051,Instrument Recognition,"They are categorized as grasper, hook.",grasper,True,6
1052,Instrument Recognition,"They are classified under the categories grasper, grasper.",grasper,True,6
1053,Instrument Recognition,"They belong to grasper, hook.",grasper,True,6
1054,Instrument Recognition,hook,hook,True,6
1055,Instrument Recognition,"The visible instruments fall under grasper, hook.",hook,True,6
1056,Instrument Recognition,"grasper, hook",grasper,True,6
1057,Instrument Recognition,"## Surgical Answers
(1) They fit the categories Grasper, Hook.
(2) The phase is identified as Calot Triangle Dissection.",grasper,True,6
1058,Instrument Recognition,hook,hook,True,6
1059,Instrument Recognition,"They belong to the categories grasper, hook.",grasper,True,6
1060,Instrument Recognition,"The classifications are grasper, hook.",grasper,True,6
1061,Instrument Recognition,hook,hook,True,6
1062,Instrument Recognition,hook,hook,True,6
1063,Instrument Recognition,grasper,grasper,True,6
1064,Instrument Recognition,"grasper, hook",grasper,True,6
1065,Instrument Recognition,"They belong to the categories grasper, bipolar.",scissors,False,6
1066,Instrument Recognition,Their categories are grasper.,grasper,True,6
1067,Instrument Recognition,The instruments belong to the categories Hook.,clipper,False,6
1068,Instrument Recognition,They fall under the categories Hook.,hook,True,6
1069,Instrument Recognition,"They fall under the categories grasper, hook.",grasper,True,6
1070,Instrument Recognition,"They are classified as grasper, hook.",clipper,False,6
1071,Instrument Recognition,grasper,grasper,True,6
1072,Instrument Recognition,"## Surgical Answers
(1) They are part of the categories Grasper.
(2) The stage corresponds to Gallbladder Dissection.",grasper,True,6
1073,Instrument Recognition,hook,hook,True,6
1074,Instrument Recognition,"They belong to the categories hook, grasper.",hook,True,6
1075,Instrument Recognition,grasper,grasper,True,6
1076,Instrument Recognition,"grasper, hook",grasper,True,6
1077,Instrument Recognition,"## Surgical Answers
(1) They are part of the categories Hook.
(2) The phase represented here is Gallbladder Dissection.",grasper,False,6
1078,Instrument Recognition,They fit into hook.,hook,True,6
1079,Instrument Recognition,grasper,grasper,True,6
1080,Instrument Recognition,hook,hook,True,6
1081,Instrument Recognition,hook,hook,True,6
1082,Instrument Recognition,grasper,grasper,True,6
1083,Instrument Recognition,hook,hook,True,6
1084,Instrument Recognition,"They belong to grasper, hook.",grasper,True,6
1085,Instrument Recognition,"They fall into the categories grasper, hook.",bipolar,False,6
1086,Instrument Recognition,They fall under bipolar.,bipolar,True,6
1087,Instrument Recognition,"## Surgical Answers
(1) They belong to the categories Grasper.
(2) The phase represented is Gallbladder Dissection.",grasper,True,6
1088,Instrument Recognition,"## Surgical Answers
(1) They are categorized as Grasper.
(2) The shown phase is Preparation.",grasper,True,6
1089,Instrument Recognition,"grasper, bipolar",grasper,True,6
1090,Instrument Recognition,"They fall into the categories grasper, hook.",irrigator,False,6
1091,Instrument Recognition,"grasper, hook",grasper,True,6
1092,Instrument Recognition,"## Surgical Answers
(1) They belong to the categories Grasper, SpecimenBag.
(2) The depicted phase is Gallbladder Packaging.",grasper,True,6
1093,Instrument Recognition,"They fall under the categories grasper, hook.",grasper,True,6
1094,Instrument Recognition,They are categorized under clipper.,clipper,True,6
1095,Instrument Recognition,scissors,grasper,False,6
1096,Instrument Recognition,They belong to the categories grasper.,grasper,True,6
1097,Instrument Recognition,hook,hook,True,6
1098,Instrument Recognition,hook,hook,True,6
1099,Instrument Recognition,The classification of the instruments is hook.,grasper,False,6
1100,Instrument Recognition,The categories of the instruments are irrigator.,bipolar,False,6
1101,Instrument Recognition,"The categories of the instruments are grasper, hook.",bipolar,False,6
1102,Instrument Recognition,hook,hook,True,6
1103,Instrument Recognition,grasper,grasper,True,6
1104,Instrument Recognition,"## Surgical Answers
(1) They fall into Hook.
(2) The identified phase is Calot Triangle Dissection.",grasper,False,6
1105,Instrument Recognition,"## Surgical Answers
(1) They fit into the categories Hook.
(2) It's the Gallbladder Dissection phase.",grasper,False,6
1106,Instrument Recognition,grasper,grasper,True,6
1107,Instrument Recognition,"grasper, hook",grasper,True,6
1108,Instrument Recognition,grasper,grasper,True,6
1109,Instrument Recognition,grasper,grasper,True,6
1110,Instrument Recognition,clipper,grasper,False,6
1111,Instrument Recognition,"grasper, hook",grasper,True,6
1112,Instrument Recognition,"## Surgical Answers
(1) Their categories are Grasper, Hook.
(2) It's the Calot Triangle Dissection phase.",irrigator,False,6
1113,Instrument Recognition,hook,hook,True,6
1114,Instrument Recognition,grasper,grasper,True,6
1115,Instrument Recognition,"They belong to the categories grasper, hook.",grasper,True,6
1116,Instrument Recognition,The instrument categories are hook.,hook,True,6
1117,Instrument Recognition,irrigator,irrigator,True,6
1118,Instrument Recognition,The categories are hook.,grasper,False,6
1119,Instrument Recognition,"They are classified under grasper, hook.",grasper,True,6
1120,Instrument Recognition,"## Surgical Answers
(1) They are classified under the categories Grasper, Hook.
(2) The identified phase is Calot Triangle Dissection.",grasper,True,6
1121,Instrument Recognition,grasper,grasper,True,6
1122,Instrument Recognition,"They fall under the categories Grasper, Hook.",grasper,True,6
1123,Instrument Recognition,clipper,grasper,False,6
1124,Instrument Recognition,They fit the categories Clipper.,clipper,True,6
1125,Instrument Recognition,"The instruments belong to the categories grasper, hook.",clipper,False,6
1126,Instrument Recognition,The instrument categories are grasper.,grasper,True,6
1127,Instrument Recognition,hook,hook,True,6
1128,Instrument Recognition,The classifications are Bipolar.,bipolar,True,6
1129,Instrument Recognition,The instruments belong to the categories Hook.,clipper,False,6
1130,Instrument Recognition,"grasper, hook",grasper,True,6
1131,Instrument Recognition,"Their categories are grasper, hook.",hook,True,6
1132,Instrument Recognition,"## Surgical Answers
(1) They belong to the categories Hook.
(2) The phase represented is Calot Triangle Dissection.",grasper,False,6
1133,Instrument Recognition,hook,hook,True,6
1134,Instrument Recognition,"grasper, clipper",grasper,True,6
1135,Instrument Recognition,"## Surgical Answers
(1) The instruments belong to the categories Hook.
(2) It represents the Calot Triangle Dissection phase.",irrigator,False,6
1136,Instrument Recognition,grasper,grasper,True,6
1137,Instrument Recognition,"grasper, hook",grasper,True,6
1138,Instrument Recognition,"They belong to the categories grasper, hook.",clipper,False,6
1139,Instrument Recognition,hook,hook,True,6
1140,Instrument Recognition,"grasper, hook",grasper,True,6
1141,Instrument Recognition,"## Surgical Answers
(1) They belong to the categories Grasper, Clipper.
(2) The phase represented is Clipping Cutting.",grasper,True,6
1142,Instrument Recognition,"The instrument categories are grasper, hook.",hook,True,6
1143,Instrument Recognition,"The instrument categories are grasper, hook.",hook,True,6
1144,Instrument Recognition,"The categories of the instruments are grasper, hook.",hook,True,6
1145,Instrument Recognition,"## Surgical Answers
(1) The instrument categories are Hook.
(2) It captures the Calot Triangle Dissection phase.",irrigator,False,6
1146,Instrument Recognition,grasper,grasper,True,6
1147,Instrument Recognition,"They belong to grasper, hook.",grasper,True,6
1148,Instrument Recognition,grasper,grasper,True,6
1149,Instrument Recognition,hook,hook,True,6
1150,Instrument Recognition,"grasper, bipolar",grasper,True,6
1151,Instrument Recognition,"grasper, hook",grasper,True,6
1152,Instrument Recognition,grasper,grasper,True,6
1153,Instrument Recognition,"grasper, hook",grasper,True,6
1154,Instrument Recognition,"grasper, hook",grasper,True,6
1155,Instrument Recognition,"## Surgical Answers
(1) Their categories are Hook.
(2) It's the Gallbladder Dissection phase.",irrigator,False,6
1156,Instrument Recognition,hook,hook,True,6
1157,Instrument Recognition,"They fit into grasper, hook.",grasper,True,6
1158,Instrument Recognition,"grasper, hook",grasper,True,6
1159,Instrument Recognition,grasper,grasper,True,6
1160,Instrument Recognition,hook,hook,True,6
1161,Instrument Recognition,bipolar,bipolar,True,6
1162,Instrument Recognition,"They belong to the categories grasper, hook.",bipolar,False,6
1163,Instrument Recognition,"## Surgical Answers
(1) They are of types Grasper, SpecimenBag.
(2) The reflected phase is Gallbladder Retraction.",grasper,True,6
1164,Instrument Recognition,"grasper, hook",grasper,True,6
1165,Instrument Recognition,"They are categorized as Grasper, Hook.",hook,True,6
1166,Instrument Recognition,grasper,grasper,True,6
1167,Instrument Recognition,hook,hook,True,6
1168,Instrument Recognition,hook,hook,True,6
1169,Instrument Recognition,They fall under the categories Hook.,hook,True,6
1170,Instrument Recognition,"## Surgical Answers
(1) They belong to the categories Grasper, Hook.
(2) The phase represented is Gallbladder Dissection.",grasper,True,6
1171,Instrument Recognition,grasper,grasper,True,6
1172,Instrument Recognition,They fall under the categories hook.,grasper,False,6
1173,Instrument Recognition,"## Surgical Answers
(1) Their categories are Hook.
(2) It's the Gallbladder Dissection phase.",grasper,False,6
1174,Instrument Recognition,"These instruments can be classified as grasper, hook.",clipper,False,6
1175,Instrument Recognition,"Their categories are Grasper, Clipper.",grasper,True,6
1176,Instrument Recognition,The categories are hook.,grasper,False,6
1177,Instrument Recognition,They are part of the categories grasper.,grasper,True,6
1178,Instrument Recognition,"## Surgical Answers
(1) The categories are Grasper, Hook.
(2) The phase is Calot Triangle Dissection.",grasper,True,6
1179,Instrument Recognition,"They are classified under the categories grasper, clipper.",clipper,True,6
1180,Instrument Recognition,"The instruments fit into the categories grasper, hook.",irrigator,False,6
1181,Instrument Recognition,hook,hook,True,6
1182,Instrument Recognition,grasper,grasper,True,6
1183,Instrument Recognition,"## Surgical Answers
(1) They fall into Grasper, Hook.
(2) The surgical phase is Calot Triangle Dissection.",grasper,True,6
1184,Instrument Recognition,"grasper, hook",grasper,True,6
1185,Instrument Recognition,"grasper, hook",grasper,True,6
1186,Instrument Recognition,"## Surgical Answers
(1) They belong to the categories Grasper.
(2) The phase in this image is Gallbladder Dissection.",irrigator,False,6
1187,Instrument Recognition,hook,hook,True,6
1188,Instrument Recognition,"Their categories are grasper, hook.",grasper,True,6
1189,Instrument Recognition,"grasper, hook",grasper,True,6
1190,Instrument Recognition,"grasper, clipper",grasper,True,6
1191,Instrument Recognition,They belong to the following categories: Hook.,hook,True,6
1192,Instrument Recognition,"They are classified under the categories grasper, grasper.",grasper,True,6
1193,Instrument Recognition,"They fall into Grasper, Hook.",grasper,True,6
1194,Instrument Recognition,Their categories are hook.,hook,True,6
1195,Instrument Recognition,"Their categories are Grasper, SpecimenBag.",grasper,True,6
1196,Instrument Recognition,They are of types hook.,bipolar,False,6
1197,Instrument Recognition,"They fall under the categories Grasper, Hook.",hook,True,6
1198,Instrument Recognition,grasper,grasper,True,6
1199,Instrument Recognition,grasper,grasper,True,6
1200,Instrument Recognition,"They belong to the categories grasper, grasper.",grasper,True,6
1201,Instrument Recognition,"## Surgical Answers
(1) The visible instruments fall under Grasper, Bipolar.
(2) The phase is Cleaning Coagulation.",grasper,True,6
1202,Instrument Recognition,"## Surgical Answers
(1) They fall under Hook.
(2) The surgical phase is Calot Triangle Dissection.",grasper,False,6
1203,Instrument Recognition,grasper,grasper,True,6
1204,Instrument Recognition,"They are part of the categories grasper, hook.",hook,True,6
1205,Instrument Recognition,"grasper, hook",grasper,True,6
1206,Instrument Recognition,"## Surgical Answers
(1) They fall under Grasper, Hook.
(2) The identified phase is Gallbladder Dissection.",grasper,True,6
1207,Instrument Recognition,hook,hook,True,6
1208,Instrument Recognition,"They belong to the categories grasper, hook.",hook,True,6
1209,Instrument Recognition,They fall under Hook.,hook,True,6
1210,Instrument Recognition,hook,hook,True,6
1211,Instrument Recognition,They are categorized as bipolar.,bipolar,True,6
1212,Instrument Recognition,grasper,grasper,True,6
1213,Instrument Recognition,"They fall under the categories grasper, hook.",grasper,True,6
1214,Instrument Recognition,"grasper, hook",grasper,True,6
1215,Instrument Recognition,"They belong to the categories grasper, hook.",scissors,False,6
1216,Instrument Recognition,"They fall under the categories grasper, irrigator.",grasper,True,6
1217,Instrument Recognition,"They fit into the categories grasper, hook.",hook,True,6
1218,Instrument Recognition,hook,hook,True,6
1219,Instrument Recognition,"They fall into Grasper, Clipper.",clipper,True,6
1220,Instrument Recognition,"grasper, hook",grasper,True,6
1221,Instrument Recognition,"The classifications are grasper, hook.",hook,True,6
1222,Instrument Recognition,"They fall under grasper, hook.",bipolar,False,6
1223,Instrument Recognition,grasper,grasper,True,6
1224,Instrument Recognition,They are classified under Hook.,grasper,False,6
1225,Instrument Recognition,"grasper, hook",grasper,True,6
1226,Instrument Recognition,"grasper, hook",grasper,True,6
1227,Instrument Recognition,"They are classified into the categories: grasper, grasper, hook.",grasper,True,6
1228,Instrument Recognition,"grasper, irrigator",grasper,True,6
1229,Instrument Recognition,hook,grasper,False,6
1230,Instrument Recognition,hook,hook,True,6
1231,Instrument Recognition,grasper,grasper,True,6
1232,Instrument Recognition,"They are part of the categories Grasper, Clipper.",grasper,True,6
1233,Instrument Recognition,"They are part of the categories grasper, hook.",grasper,True,6
1234,Instrument Recognition,"They are categorized as Grasper, Hook.",grasper,True,6
1235,Instrument Recognition,grasper,grasper,True,6
1236,Instrument Recognition,They are classified as grasper.,grasper,True,6
1237,Instrument Recognition,"## Surgical Answers
(1) They are of types Hook.
(2) The surgical phase is Calot Triangle Dissection.",grasper,False,6
1238,Instrument Recognition,grasper,grasper,True,6
1239,Instrument Recognition,"## Surgical Answers
(1) They are classified as Hook.
(2) The surgical phase is Calot Triangle Dissection.",grasper,False,6
1240,Instrument Recognition,"They belong to the categories grasper, scissors.",clipper,False,6
1241,Instrument Recognition,grasper,grasper,True,6
1242,Instrument Recognition,bipolar,bipolar,True,6
1243,Instrument Recognition,"They are classified under the categories grasper, hook.",clipper,False,6
1244,Instrument Recognition,"## Surgical Answers
(1) They fall under the categories Grasper, Hook.
(2) The surgical phase is Calot Triangle Dissection.",grasper,True,6
1245,Instrument Recognition,"They fall into the categories grasper, clipper.",clipper,True,6
1246,Instrument Recognition,These instruments are part of Hook.,hook,True,6
1247,Instrument Recognition,hook,hook,True,6
1248,Instrument Recognition,hook,hook,True,6
1249,Instrument Recognition,grasper,grasper,True,6
1250,Instrument Recognition,hook,hook,True,6
1251,Instrument Recognition,They are classified as hook.,hook,True,6
1252,Instrument Recognition,hook,hook,True,6
1253,Instrument Recognition,hook,hook,True,6
1254,Instrument Recognition,hook,hook,True,6
1255,Instrument Recognition,"## Surgical Answers
(1) They are classified as Grasper, Hook.
(2) The phase is Gallbladder Dissection.",grasper,True,6
1256,Instrument Recognition,"grasper, clipper",grasper,True,6
1257,Instrument Recognition,"grasper, hook",grasper,True,6
1258,Instrument Recognition,hook,hook,True,6
1259,Instrument Recognition,"Their categories are grasper, hook.",grasper,True,6
1260,Instrument Recognition,hook,hook,True,6
1261,Instrument Recognition,The instrument categories are hook.,hook,True,6
1262,Instrument Recognition,hook,hook,True,6
1263,Instrument Recognition,"grasper, hook",grasper,True,6
1264,Instrument Recognition,hook,hook,True,6
1265,Instrument Recognition,scissors,grasper,False,6
1266,Instrument Recognition,grasper,grasper,True,6
1267,Instrument Recognition,"grasper, hook",grasper,True,6
1268,Instrument Recognition,hook,hook,True,6
1269,Instrument Recognition,They belong to the categories hook.,hook,True,6
1270,Instrument Recognition,"The visible instruments fall under grasper, hook.",hook,True,6
1271,Instrument Recognition,The categories are grasper.,bipolar,False,6
1272,Instrument Recognition,"The categories are grasper, hook.",hook,True,6
1273,Instrument Recognition,hook,hook,True,6
1274,Instrument Recognition,"grasper, hook",grasper,True,6
1275,Instrument Recognition,The types shown are grasper.,grasper,True,6
1276,Instrument Recognition,"grasper, hook",grasper,True,6
1277,Instrument Recognition,hook,grasper,False,6
1278,Instrument Recognition,"## Surgical Answers
(1) They are of types Grasper.
(2) The phase shown is Preparation.",irrigator,False,6
1279,Instrument Recognition,The categories are hook.,hook,True,6
1280,Instrument Recognition,grasper,grasper,True,6
1281,Instrument Recognition,grasper,grasper,True,6
1282,Instrument Recognition,grasper,grasper,True,6
1283,Instrument Recognition,grasper,grasper,True,6
1284,Instrument Recognition,"## Surgical Answers
(1) They belong to Hook.
(2) The phase in this image is Calot Triangle Dissection.",irrigator,False,6
1285,Instrument Recognition,"They fit into the categories grasper, hook.",grasper,True,6
1286,Instrument Recognition,"The categories are Grasper, Hook.",hook,True,6
1287,Instrument Recognition,They fall under the categories Hook.,hook,True,6
1288,Instrument Recognition,"## Surgical Answers
(1) The instrument categories are Hook.
(2) It's the Calot Triangle Dissection phase.",grasper,False,6
1289,Instrument Recognition,They fall under the categories bipolar.,clipper,False,6
1290,Instrument Recognition,"grasper, clipper",grasper,True,6
1291,Instrument Recognition,hook,hook,True,6
1292,Instrument Recognition,hook,hook,True,6
1293,Instrument Recognition,"Their categories are grasper, clipper.",grasper,True,6
1294,Instrument Recognition,"Their categories are Grasper, Hook.",grasper,True,6
1295,Instrument Recognition,"They fall under grasper, grasper.",grasper,True,6
1296,Instrument Recognition,They are classified as hook.,hook,True,6
1297,Instrument Recognition,The types of the instruments are Hook.,hook,True,6
1298,Instrument Recognition,hook,hook,True,6
1299,Instrument Recognition,"## Surgical Answers
(1) They belong to the categories Hook.
(2) The phase shown is Gallbladder Dissection.",grasper,False,6
1300,Instrument Recognition,"grasper, hook",grasper,True,6
1301,Instrument Recognition,grasper,grasper,True,6
1302,Instrument Recognition,They belong to the categories Hook.,hook,True,6
1303,Instrument Recognition,"They belong to the following categories: grasper, hook.",grasper,True,6
1304,Instrument Recognition,"grasper, hook",hook,True,6
1305,Instrument Recognition,"grasper, hook",grasper,True,6
1306,Instrument Recognition,"They belong to the categories grasper, grasper, hook.",grasper,True,6
1307,Instrument Recognition,The instrument categories are grasper.,grasper,True,6
1308,Instrument Recognition,"grasper, hook",grasper,True,6
1309,Instrument Recognition,"grasper, hook",grasper,True,6
1310,Instrument Recognition,"They belong to grasper, hook.",grasper,True,6
1311,Instrument Recognition,"grasper, hook",grasper,True,6
1312,Instrument Recognition,They are categorized under grasper.,irrigator,False,6
1313,Instrument Recognition,"grasper, hook",grasper,True,6
1314,Instrument Recognition,grasper,grasper,True,6
1315,Instrument Recognition,hook,grasper,False,6
1316,Instrument Recognition,"grasper, clipper",grasper,True,6
1317,Instrument Recognition,"grasper, hook",grasper,True,6
1318,Instrument Recognition,"## Surgical Answers
(1) They fall under the categories Hook.
(2) The depicted phase is Calot Triangle Dissection.",grasper,False,6
1319,Instrument Recognition,"The categories are grasper, hook.",hook,True,6
1320,Instrument Recognition,"They belong to the categories grasper, hook.",hook,True,6
1321,Instrument Recognition,grasper,grasper,True,6
1322,Instrument Recognition,"They belong to the following categories: grasper, clipper.",grasper,True,6
1323,Instrument Recognition,They belong to the categories grasper.,scissors,False,6
1324,Instrument Recognition,"They belong to the categories grasper, hook.",hook,True,6
1325,Instrument Recognition,"Their categories are grasper, hook.",grasper,True,6
1326,Instrument Recognition,"## Surgical Answers
(1) They fall under the categories Hook.
(2) It shows the Gallbladder Dissection phase.",irrigator,False,6
1327,Instrument Recognition,They fit the categories Hook.,hook,True,6
1328,Instrument Recognition,They are part of the categories hook.,grasper,False,6
1329,Instrument Recognition,hook,hook,True,6
1330,Instrument Recognition,"They belong to grasper, hook.",grasper,True,6
1331,Instrument Recognition,"## Surgical Answers
(1) They are classified under the categories Grasper, Hook.
(2) The phase depicted is Calot Triangle Dissection.",grasper,True,6
1332,Instrument Recognition,"grasper, irrigator",grasper,True,6
1333,Instrument Recognition,grasper,grasper,True,6
1334,Instrument Recognition,grasper,grasper,True,6
1335,Instrument Recognition,"## Surgical Answers
(1) They fit into the categories Grasper, Hook.
(2) The identified phase is Gallbladder Dissection.",grasper,True,6
1336,Instrument Recognition,They are part of the categories irrigator.,bipolar,False,6
1337,Instrument Recognition,They fall under the categories hook.,grasper,False,6
1338,Instrument Recognition,The types shown are Grasper.,grasper,True,6
1339,Instrument Recognition,grasper,grasper,True,6
1340,Instrument Recognition,hook,hook,True,6
1341,Instrument Recognition,"The types of the instruments are grasper, hook.",hook,True,6
1342,Instrument Recognition,"grasper, hook",hook,True,6
1343,Instrument Recognition,"They are classified as Grasper, Hook.",grasper,True,6
1344,Instrument Recognition,"grasper, clipper",grasper,True,6
1345,Instrument Recognition,grasper,grasper,True,6
1346,Instrument Recognition,"They belong to the categories grasper, hook.",hook,True,6
1347,Instrument Recognition,"## Surgical Answers
(1) The categories of the instruments are Grasper, Hook.
(2) The phase is Gallbladder Dissection.",grasper,True,6
1348,Instrument Recognition,"They fall into grasper, hook.",clipper,False,6
1349,Instrument Recognition,The types shown are Hook.,hook,True,6
1350,Instrument Recognition,"grasper, hook",grasper,True,6
1351,Instrument Recognition,"grasper, hook",grasper,True,6
1352,Instrument Recognition,"They are classified into the categories: grasper, hook.",hook,True,6
1353,Instrument Recognition,clipper,grasper,False,6
1354,Instrument Recognition,"grasper, hook",grasper,True,6
1355,Instrument Recognition,They fall under Hook.,hook,True,6
1356,Instrument Recognition,"They fall under the categories grasper, grasper.",grasper,True,6
1357,Instrument Recognition,"## Surgical Answers
(1) They belong to the categories Grasper.
(2) It captures the Preparation phase.",grasper,True,6
1358,Instrument Recognition,"grasper, hook",grasper,True,6
1359,Instrument Recognition,"They belong to the categories bipolar, grasper.",grasper,True,6
1360,Instrument Recognition,"They belong to the categories grasper, hook.",hook,True,6
1361,Instrument Recognition,"## Surgical Answers
(1) They belong to the categories Grasper, Hook.
(2) It illustrates the Gallbladder Dissection phase.",grasper,True,6
1362,Instrument Recognition,They are classified into the categories: hook.,hook,True,6
1363,Instrument Recognition,"## Surgical Answers
(1) They fit into Hook.
(2) It's the Calot Triangle Dissection phase.",irrigator,False,6
1364,Instrument Recognition,hook,hook,True,6
1365,Instrument Recognition,"grasper, hook",grasper,True,6
1366,Instrument Recognition,hook,hook,True,6
1367,Instrument Recognition,"They fall into the categories grasper, hook.",clipper,False,6
1368,Instrument Recognition,They belong to Hook.,hook,True,6
1369,Instrument Recognition,"The visible instruments fall under grasper, hook.",irrigator,False,6
1370,Instrument Recognition,grasper,grasper,True,6
1371,Instrument Recognition,"grasper, hook",grasper,True,6
1372,Instrument Recognition,"They are classified as grasper, grasper.",clipper,False,6
1373,Instrument Recognition,"## Surgical Answers
(1) They fall into the categories Grasper, Clipper.
(2) The phase is Clipping Cutting.",grasper,True,6
1374,Instrument Recognition,"## Surgical Answers
(1) They belong to the categories Grasper, Hook.
(2) The procedure is in the Gallbladder Dissection phase.",grasper,True,6
1375,Instrument Recognition,They belong to the following categories: bipolar.,bipolar,True,6
1376,Instrument Recognition,The instrument categories are Hook.,bipolar,False,6
1377,Instrument Recognition,They fit into the categories Hook.,hook,True,6
1378,Instrument Recognition,"They are classified as grasper, grasper.",grasper,True,6
1379,Instrument Recognition,grasper,grasper,True,6
1380,Instrument Recognition,hook,hook,True,6
1381,Instrument Recognition,They belong to hook.,grasper,False,6
1382,Instrument Recognition,They belong to the categories Grasper.,clipper,False,6
1383,Instrument Recognition,"grasper, irrigator",grasper,True,6
1384,Instrument Recognition,"They belong to the categories grasper, hook.",scissors,False,6
1385,Instrument Recognition,They are classified as hook.,hook,True,6
1386,Instrument Recognition,"## Surgical Answers
(1) They are classified as Hook.
(2) The phase shown is Calot Triangle Dissection.",grasper,False,6
1387,Instrument Recognition,The types of the instruments are Hook.,grasper,False,6
1388,Instrument Recognition,hook,hook,True,6
1389,Instrument Recognition,They are classified into the categories: hook.,hook,True,6
1390,Instrument Recognition,"## Surgical Answers
(1) The categories are Grasper, Hook.
(2) The phase represented here is Calot Triangle Dissection.",grasper,True,6
1391,Instrument Recognition,"grasper, hook",grasper,True,6
1392,Instrument Recognition,grasper,grasper,True,6
1393,Instrument Recognition,"## Surgical Answers
(1) They belong to the categories Grasper, Hook.
(2) The shown phase is Calot Triangle Dissection.",grasper,True,6
1394,Instrument Recognition,They fall under the categories hook.,hook,True,6
1395,Instrument Recognition,hook,grasper,False,6
1396,Instrument Recognition,grasper,grasper,True,6
1397,Instrument Recognition,They belong to the categories hook.,grasper,False,6
1398,Instrument Recognition,"grasper, hook",grasper,True,6
1399,Instrument Recognition,"grasper, hook",grasper,True,6
1400,Instrument Recognition,"grasper, hook",grasper,True,6
1401,Instrument Recognition,"grasper, hook",grasper,True,6
1402,Instrument Recognition,They belong to the categories irrigator.,hook,False,6
1403,Instrument Recognition,They fall under the categories hook.,irrigator,False,6
1404,Instrument Recognition,"grasper, hook",grasper,True,6
1405,Instrument Recognition,"## Surgical Answers
(1) They belong to Grasper, Hook.
(2) The surgical phase is Gallbladder Dissection.",grasper,True,6
1406,Instrument Recognition,"They fall under the categories grasper, hook.",grasper,True,6
1407,Instrument Recognition,hook,hook,True,6
1408,Instrument Recognition,hook,hook,True,6
1409,Instrument Recognition,"## Surgical Answers
(1) They belong to Grasper.
(2) The stage is Preparation.",irrigator,False,6
1410,Instrument Recognition,"They are classified as grasper, grasper.",irrigator,False,6
1411,Instrument Recognition,"They fit into the categories grasper, hook.",clipper,False,6
1412,Instrument Recognition,"Their categories are grasper, hook.",grasper,True,6
1413,Instrument Recognition,"The types of the instruments are grasper, hook.",hook,True,6
1414,Instrument Recognition,"grasper, hook",grasper,True,6
1415,Instrument Recognition,"## Surgical Answers
(1) They belong to the categories Hook.
(2) This is the Calot Triangle Dissection phase.",grasper,False,6
1416,Instrument Recognition,"They belong to the categories grasper, hook.",hook,True,6
1417,Instrument Recognition,hook,hook,True,6
1418,Instrument Recognition,"## Surgical Answers
(1) The types shown are Grasper.
(2) The current phase is Calot Triangle Dissection.",grasper,True,6
1419,Instrument Recognition,The categories are scissors.,scissors,True,6
1420,Instrument Recognition,grasper,grasper,True,6
1421,Instrument Recognition,"grasper, hook",grasper,True,6
1422,Instrument Recognition,grasper,grasper,True,6
1423,Instrument Recognition,hook,hook,True,6
1424,Instrument Recognition,grasper,grasper,True,6
1425,Instrument Recognition,They are classified as grasper.,clipper,False,6
1426,Instrument Recognition,"These instruments can be classified as grasper, grasper.",clipper,False,6
1427,Instrument Recognition,The categories are Hook.,grasper,False,6
1428,Instrument Recognition,"grasper, hook",grasper,True,6
1429,Instrument Recognition,"They belong to grasper, hook.",hook,True,6
1430,Instrument Recognition,"They fall under the categories grasper, hook.",hook,True,6
1431,Instrument Recognition,hook,hook,True,6
1432,Instrument Recognition,"The visible instruments fall under Grasper, Hook.",irrigator,False,6
1433,Instrument Recognition,"The categories of the instruments are grasper, hook.",irrigator,False,6
1434,Instrument Recognition,scissors,grasper,False,6
1435,Instrument Recognition,grasper,grasper,True,6
1436,Instrument Recognition,"They fit into grasper, hook.",grasper,True,6
1437,Instrument Recognition,"grasper, hook",grasper,True,6
1438,Instrument Recognition,"They belong to grasper, hook.",hook,True,6
1439,Instrument Recognition,"grasper, hook",grasper,True,6
1440,Instrument Recognition,"grasper, hook",grasper,True,6
1441,Instrument Recognition,hook,hook,True,6
1442,Instrument Recognition,grasper,grasper,True,6
1443,Instrument Recognition,"Their categories are grasper, hook.",hook,True,6
1444,Instrument Recognition,"grasper, hook",grasper,True,6
1445,Instrument Recognition,hook,hook,True,6
1446,Instrument Recognition,"grasper, hook",grasper,True,6
1447,Instrument Recognition,grasper,grasper,True,6
1448,Instrument Recognition,"They fall under the categories grasper, hook.",hook,True,6
1449,Instrument Recognition,They are part of the categories Grasper.,grasper,True,6
1450,Instrument Recognition,Their categories are Hook.,hook,True,6
1451,Instrument Recognition,"They belong to the categories grasper, hook.",grasper,True,6
1452,Instrument Recognition,"They belong to grasper, hook.",grasper,True,6
1453,Instrument Recognition,"grasper, hook",grasper,True,6
1454,Instrument Recognition,"## Surgical Answers
(1) The categories are Grasper, Bipolar.
(2) The reflected phase is Cleaning Coagulation.",grasper,True,6
1455,Instrument Recognition,They belong to the categories hook.,scissors,False,6
1456,Instrument Recognition,"## Surgical Answers
(1) They fall under Bipolar.
(2) The phase shown is Gallbladder Dissection.",grasper,False,6
1457,Instrument Recognition,"grasper, hook",grasper,True,6
1458,Instrument Recognition,"grasper, irrigator",grasper,True,6
1459,Instrument Recognition,"## Surgical Answers
(1) The classification of the instruments is SpecimenBag.
(2) The phase is Gallbladder Packaging.",grasper,False,6
1460,Instrument Recognition,"grasper, hook",grasper,True,6
1461,Instrument Recognition,They fall under clipper.,clipper,True,6
1462,Instrument Recognition,"grasper, hook",hook,True,6
1463,Instrument Recognition,They fall under the categories Hook.,hook,True,6
1464,Instrument Recognition,grasper,grasper,True,6
1465,Instrument Recognition,"grasper, hook",grasper,True,6
1466,Instrument Recognition,"## Surgical Answers
(1) The categories of the instruments are Hook.
(2) The phase shown is Gallbladder Dissection.",grasper,False,6
1467,Instrument Recognition,hook,hook,True,6
1468,Instrument Recognition,grasper,grasper,True,6
1469,Instrument Recognition,grasper,grasper,True,6
1470,Instrument Recognition,The instrument categories are hook.,hook,True,6
1471,Instrument Recognition,grasper,grasper,True,6
1472,Instrument Recognition,grasper,grasper,True,6
1473,Instrument Recognition,"They are classified under the categories grasper, clipper.",clipper,True,6
1474,Instrument Recognition,"grasper, hook",grasper,True,6
1475,Instrument Recognition,hook,hook,True,6
1476,Instrument Recognition,"grasper, bipolar",grasper,True,6
1477,Instrument Recognition,"grasper, hook",grasper,True,6
1478,Instrument Recognition,grasper,grasper,True,6
1479,Instrument Recognition,bipolar,bipolar,True,6
1480,Instrument Recognition,grasper,grasper,True,6
1481,Instrument Recognition,"Their categories are grasper, hook.",grasper,True,6
1482,Instrument Recognition,"They belong to the categories grasper, grasper.",irrigator,False,6
1483,Instrument Recognition,They belong to grasper.,grasper,True,6
1484,Instrument Recognition,"## Surgical Answers
(1) They belong to the categories Hook.
(2) The identified phase is Gallbladder Dissection.",grasper,False,6
1485,Instrument Recognition,grasper,grasper,True,6
1486,Instrument Recognition,"The categories of the instruments are grasper, hook.",grasper,True,6
1487,Instrument Recognition,They fall under the categories grasper.,grasper,True,6
1488,Instrument Recognition,The categories are bipolar.,bipolar,True,6
1489,Instrument Recognition,"The visible instruments fall under grasper, hook.",irrigator,False,6
1490,Instrument Recognition,"## Surgical Answers
(1) The categories are Grasper, Clipper.
(2) The visible phase is Clipping Cutting.",grasper,True,6
1491,Instrument Recognition,hook,hook,True,6
1492,Instrument Recognition,"## Surgical Answers
(1) They belong to the categories Grasper, Hook.
(2) The phase is Gallbladder Dissection.",grasper,True,6
1493,Instrument Recognition,hook,hook,True,6
1494,Instrument Recognition,The categories are hook.,hook,True,6
1495,Instrument Recognition,grasper,grasper,True,6
1496,Instrument Recognition,"grasper, clipper",grasper,True,6
1497,Instrument Recognition,"They are categorized as Grasper, Hook.",clipper,False,6
1498,Instrument Recognition,"grasper, hook",grasper,True,6
1499,Instrument Recognition,grasper,grasper,True,6
1500,Instrument Recognition,They belong to the categories hook.,hook,True,6
1501,Instrument Recognition,"grasper, hook",grasper,True,6
1502,Instrument Recognition,"## Surgical Answers
(1) They are classified under the categories Grasper, Hook.
(2) This is the Gallbladder Dissection phase.",grasper,True,6
1503,Instrument Recognition,"They belong to the categories Grasper, Hook.",grasper,True,6
1504,Instrument Recognition,hook,hook,True,6
1505,Instrument Recognition,"grasper, hook",grasper,True,6
1506,Instrument Recognition,"They fit into the categories grasper, hook.",grasper,True,6
1507,Instrument Recognition,"They fall under the categories grasper, hook.",clipper,False,6
1508,Instrument Recognition,They belong to the categories grasper.,grasper,True,6
1509,Instrument Recognition,They fit into Hook.,hook,True,6
1510,Instrument Recognition,They belong to the categories grasper.,grasper,True,6
1511,Instrument Recognition,"## Surgical Answers
(1) They belong to the categories Hook.
(2) The phase represented here is Gallbladder Dissection.",irrigator,False,6
1512,Instrument Recognition,They are categorized as Hook.,hook,True,6
1513,Instrument Recognition,hook,grasper,False,6
1514,Instrument Recognition,"grasper, hook",grasper,True,6
1515,Instrument Recognition,"They belong to the categories Grasper, Hook.",grasper,True,6
1516,Instrument Recognition,hook,grasper,False,6
1517,Instrument Recognition,"grasper, hook",grasper,True,6
1518,Instrument Recognition,"They are of types grasper, grasper.",grasper,True,6
1519,Instrument Recognition,"grasper, hook",grasper,True,6
1520,Instrument Recognition,Their categories are hook.,hook,True,6
1521,Instrument Recognition,They are of types hook.,grasper,False,6
1522,Instrument Recognition,hook,hook,True,6
1523,Instrument Recognition,clipper,grasper,False,6
1524,Instrument Recognition,"grasper, hook",grasper,True,6
1525,Instrument Recognition,"They are categorized as grasper, grasper, hook.",hook,True,6
1526,Instrument Recognition,"They are part of the categories grasper, grasper.",grasper,True,6
1527,Instrument Recognition,"The categories are Grasper, Hook.",hook,True,6
1528,Instrument Recognition,"They belong to the categories Grasper, Hook.",hook,True,6
1529,Instrument Recognition,hook,grasper,False,6
1530,Instrument Recognition,"grasper, hook",grasper,True,6
1531,Instrument Recognition,They are categorized as grasper.,grasper,True,6
1532,Instrument Recognition,"grasper, hook",grasper,True,6
1533,Instrument Recognition,"They belong to the categories grasper, grasper.",hook,False,6
1534,Instrument Recognition,"grasper, hook",grasper,True,6
1535,Instrument Recognition,"grasper, hook",grasper,True,6
1536,Instrument Recognition,These instruments are part of hook.,hook,True,6
1537,Instrument Recognition,They are classified as Hook.,hook,True,6
1538,Instrument Recognition,They fall under the categories Hook.,grasper,False,6
1539,Instrument Recognition,"grasper, hook",grasper,True,6
1540,Instrument Recognition,"They fall under the categories Grasper, Hook.",grasper,True,6
1541,Instrument Recognition,hook,hook,True,6
1542,Instrument Recognition,"They belong to the following categories: hook, grasper.",hook,True,6
1543,Instrument Recognition,"grasper, hook",grasper,True,6
1544,Instrument Recognition,"grasper, hook",grasper,True,6
1545,Instrument Recognition,"## Surgical Answers
(1) They are classified under Grasper, Hook.
(2) The surgical phase is Gallbladder Dissection.",grasper,True,6
1546,Instrument Recognition,"grasper, clipper",grasper,True,6
1547,Instrument Recognition,"grasper, clipper",grasper,True,6
1548,Instrument Recognition,hook,hook,True,6
1549,Instrument Recognition,"grasper, hook",grasper,True,6
1550,Instrument Recognition,"They are categorized under grasper, irrigator.",grasper,True,6
1551,Instrument Recognition,"They fall into the categories grasper, hook.",grasper,True,6
1552,Instrument Recognition,"They are classified as grasper, hook.",hook,True,6
1553,Instrument Recognition,grasper,grasper,True,6
1554,Instrument Recognition,hook,grasper,False,6
1555,Instrument Recognition,"## Surgical Answers
(1) They are classified under the categories Grasper, Hook.
(2) The reflected phase is Gallbladder Dissection.",irrigator,False,6
1556,Instrument Recognition,They are classified under the categories Hook.,hook,True,6
1557,Instrument Recognition,grasper,grasper,True,6
1558,Instrument Recognition,"## Surgical Answers
(1) These instruments can be classified as Grasper, Hook.
(2) This is the Calot Triangle Dissection phase.",grasper,True,6
1559,Instrument Recognition,They fit into the categories hook.,clipper,False,6
1560,Instrument Recognition,"They belong to the categories Grasper, Hook.",hook,True,6
1561,Instrument Recognition,"The categories of the instruments are Grasper, Hook.",hook,True,6
1562,Instrument Recognition,"They fit into the categories grasper, hook.",clipper,False,6
1563,Instrument Recognition,"They are categorized as grasper, grasper, hook.",grasper,True,6
1564,Instrument Recognition,"They fit into the categories grasper, hook.",bipolar,False,6
1565,Instrument Recognition,"The instruments belong to the categories grasper, hook.",clipper,False,6
1566,Instrument Recognition,They fit into hook.,hook,True,6
1567,Instrument Recognition,"## Surgical Answers
(1) The categories are Hook.
(2) The current phase is Calot Triangle Dissection.",grasper,False,6
1568,Instrument Recognition,hook,hook,True,6
1569,Instrument Recognition,hook,hook,True,6
1570,Instrument Recognition,"grasper, clipper",grasper,True,6
1571,Instrument Recognition,"The instrument categories are grasper, irrigator.",grasper,True,6
1572,Instrument Recognition,grasper,grasper,True,6
1573,Instrument Recognition,"The instruments belong to the categories Grasper, Hook.",clipper,False,6
1574,Instrument Recognition,They are classified as Hook.,hook,True,6
1575,Instrument Recognition,They are classified into the categories: grasper.,grasper,True,6
1576,Instrument Recognition,The types of the instruments are hook.,hook,True,6
1577,Instrument Recognition,"grasper, hook",grasper,True,6
1578,Instrument Recognition,"They fit into the categories Grasper, Hook.",grasper,True,6
1579,Instrument Recognition,They belong to the categories bipolar.,bipolar,True,6
1580,Instrument Recognition,"grasper, hook",grasper,True,6
1581,Instrument Recognition,"They are of types Grasper, Hook.",grasper,True,6
1582,Instrument Recognition,hook,hook,True,6
1583,Instrument Recognition,"They are part of the categories grasper, hook.",hook,True,6
1584,Instrument Recognition,They are categorized under Grasper.,bipolar,False,6
1585,Instrument Recognition,"The categories are Grasper, Hook.",hook,True,6
1586,Instrument Recognition,"grasper, hook",grasper,True,6
1587,Instrument Recognition,They fall under the categories hook.,hook,True,6
1588,Instrument Recognition,"The instrument categories are grasper, grasper.",grasper,True,6
1589,Instrument Recognition,"## Surgical Answers
(1) They fall under the categories Hook.
(2) The phase is identified as Gallbladder Dissection.",grasper,False,6
1590,Instrument Recognition,They belong to the categories Hook.,hook,True,6
1591,Instrument Recognition,hook,hook,True,6
1592,Instrument Recognition,"## Surgical Answers
(1) They fall under the categories Hook.
(2) The phase in this image is Gallbladder Dissection.",irrigator,False,6
1593,Instrument Recognition,grasper,grasper,True,6
1594,Instrument Recognition,"grasper, hook",grasper,True,6
1595,Instrument Recognition,"grasper, hook",grasper,True,6
1596,Instrument Recognition,"grasper, hook",grasper,True,6
1597,Instrument Recognition,"grasper, hook",grasper,True,6
1598,Instrument Recognition,They belong to the following categories: hook.,hook,True,6
1599,Instrument Recognition,"grasper, hook",grasper,True,6
1600,Phase Recognition,Calot Triangle Dissection,Calot Triangle Dissection,False,7
1601,Phase Recognition,Preparation,Calot Triangle Dissection,False,7
1602,Phase Recognition,Calot Triangle Dissection,Calot Triangle Dissection,False,7
1603,Phase Recognition,Cleaning Coagulation,Calot Triangle Dissection,False,7
1604,Phase Recognition,The stage is Calot Triangle Dissection.,Gallbladder Dissection,False,7
1605,Phase Recognition,Calot Triangle Dissection,Calot Triangle Dissection,False,7
1606,Phase Recognition,Calot Triangle Dissection,Calot Triangle Dissection,False,7
1607,Phase Recognition,Gallbladder Dissection,Gallbladder Dissection,False,7
1608,Phase Recognition,"{""answer"": ""A. Preparation""}",Clipping Cutting,False,7
1609,Phase Recognition,Gallbladder Retraction,Gallbladder Packaging,False,7
1610,Phase Recognition,Gallbladder Dissection,Calot Triangle Dissection,False,7
1611,Phase Recognition,Gallbladder Dissection,Gallbladder Dissection,False,7
1612,Phase Recognition,Calot Triangle Dissection,Calot Triangle Dissection,False,7
1613,Phase Recognition,Calot Triangle Dissection,Calot Triangle Dissection,False,7
1614,Phase Recognition,The stage corresponds to Preparation.,Preparation,False,7
1615,Phase Recognition,The phase is Gallbladder Dissection.,Gallbladder Dissection,False,7
1616,Phase Recognition,The phase is Calot Triangle Dissection.,Gallbladder Dissection,False,7
1617,Phase Recognition,"{""answer"": ""F. Cleaning Coagulation""}",Clipping Cutting,False,7
1618,Phase Recognition,Gallbladder Dissection,Gallbladder Dissection,False,7
1619,Phase Recognition,"{""answer"": ""A. Preparation""}",Clipping Cutting,False,7
1620,Phase Recognition,Cleaning Coagulation,Gallbladder Dissection,False,7
1621,Phase Recognition,"{""answer"": ""D. Gallbladder Dissection""}",Clipping Cutting,False,7
1622,Phase Recognition,Calot Triangle Dissection,Calot Triangle Dissection,False,7
1623,Phase Recognition,Gallbladder Dissection,Gallbladder Dissection,False,7
1624,Phase Recognition,Gallbladder Dissection,Gallbladder Dissection,False,7
1625,Phase Recognition,Calot Triangle Dissection,Calot Triangle Dissection,False,7
1626,Phase Recognition,It's the Gallbladder Dissection phase.,Gallbladder Dissection,False,7
1627,Phase Recognition,Gallbladder Dissection,Gallbladder Dissection,False,7
1628,Phase Recognition,Gallbladder Dissection,Gallbladder Dissection,False,7
1629,Phase Recognition,Gallbladder Dissection,Gallbladder Dissection,False,7
1630,Phase Recognition,Gallbladder Dissection,Gallbladder Dissection,False,7
1631,Phase Recognition,"{""answer"": ""A. Preparation""}",Clipping Cutting,False,7
1632,Phase Recognition,Gallbladder Packaging,Gallbladder Packaging,False,7
1633,Phase Recognition,Cleaning Coagulation,Cleaning Coagulation,False,7
1634,Phase Recognition,Gallbladder Retraction,Gallbladder Packaging,False,7
1635,Phase Recognition,Clipping Cutting,Gallbladder Dissection,False,7
1636,Phase Recognition,The phase represented here is Cleaning Coagulation.,Gallbladder Dissection,False,7
1637,Phase Recognition,Clipping Cutting,Clipping Cutting,False,7
1638,Phase Recognition,Gallbladder Dissection,Calot Triangle Dissection,False,7
1639,Phase Recognition,"{""answer"": ""D. Gallbladder Dissection""}",Clipping Cutting,False,7
1640,Phase Recognition,This is the Gallbladder Dissection phase.,Gallbladder Dissection,False,7
1641,Phase Recognition,The phase is identified as Gallbladder Dissection.,Gallbladder Dissection,False,7
1642,Phase Recognition,Calot Triangle Dissection,Calot Triangle Dissection,False,7
1643,Phase Recognition,"{""answer"": ""D. Gallbladder Dissection""}",Clipping Cutting,False,7
1644,Phase Recognition,Preparation,Gallbladder Retraction,False,7
1645,Phase Recognition,Gallbladder Dissection,Calot Triangle Dissection,False,7
1646,Phase Recognition,Gallbladder Packaging,Gallbladder Packaging,False,7
1647,Phase Recognition,Gallbladder Dissection,Calot Triangle Dissection,False,7
1648,Phase Recognition,Gallbladder Packaging,Gallbladder Packaging,False,7
1649,Phase Recognition,Calot Triangle Dissection,Calot Triangle Dissection,False,7
1650,Phase Recognition,The phase is Calot Triangle Dissection.,Gallbladder Dissection,False,7
1651,Phase Recognition,Gallbladder Dissection,Gallbladder Dissection,False,7
1652,Phase Recognition,Gallbladder Dissection,Gallbladder Dissection,False,7
1653,Phase Recognition,It suggests the Calot Triangle Dissection phase.,Gallbladder Dissection,False,7
1654,Phase Recognition,Gallbladder Dissection,Calot Triangle Dissection,False,7
1655,Phase Recognition,The phase depicted is Preparation.,Preparation,False,7
1656,Phase Recognition,The phase is Gallbladder Dissection.,Gallbladder Dissection,False,7
1657,Phase Recognition,Cleaning Coagulation,Calot Triangle Dissection,False,7
1658,Phase Recognition,Gallbladder Dissection,Calot Triangle Dissection,False,7
1659,Phase Recognition,"{""answer"": ""B. Calot Triangle Dissection""}",Clipping Cutting,False,7
1660,Phase Recognition,The procedure is in the Gallbladder Dissection phase.,Gallbladder Dissection,False,7
1661,Phase Recognition,"{""answer"": ""B. Calot Triangle Dissection""}",Clipping Cutting,False,7
1662,Phase Recognition,Gallbladder Dissection,Gallbladder Dissection,False,7
1663,Phase Recognition,Clipping Cutting,Calot Triangle Dissection,False,7
1664,Phase Recognition,Calot Triangle Dissection,Calot Triangle Dissection,False,7
1665,Phase Recognition,"## Surgical Answers
(1) The identified phase is Preparation.",Gallbladder Retraction,False,7
1666,Phase Recognition,Gallbladder Dissection,Gallbladder Dissection,False,7
1667,Phase Recognition,Gallbladder Dissection,Gallbladder Dissection,False,7
1668,Phase Recognition,Calot Triangle Dissection,Calot Triangle Dissection,False,7
1669,Phase Recognition,It shows the Gallbladder Dissection phase.,Gallbladder Dissection,False,7
1670,Phase Recognition,Gallbladder Packaging,Gallbladder Packaging,False,7
1671,Phase Recognition,Gallbladder Dissection,Gallbladder Dissection,False,7
1672,Phase Recognition,Gallbladder Dissection,Gallbladder Dissection,False,7
1673,Phase Recognition,Calot Triangle Dissection,Calot Triangle Dissection,False,7
1674,Phase Recognition,Clipping Cutting,Clipping Cutting,False,7
1675,Phase Recognition,Gallbladder Dissection,Gallbladder Dissection,False,7
1676,Phase Recognition,Calot Triangle Dissection,Calot Triangle Dissection,False,7
1677,Phase Recognition,Calot Triangle Dissection,Calot Triangle Dissection,False,7
1678,Phase Recognition,Preparation,Preparation,False,7
1679,Phase Recognition,The procedure is in the Gallbladder Dissection phase.,Gallbladder Dissection,False,7
1680,Phase Recognition,Calot Triangle Dissection,Calot Triangle Dissection,False,7
1681,Phase Recognition,Calot Triangle Dissection,Calot Triangle Dissection,False,7
1682,Phase Recognition,Calot Triangle Dissection,Calot Triangle Dissection,False,7
1683,Phase Recognition,Calot Triangle Dissection,Calot Triangle Dissection,False,7
1684,Phase Recognition,Calot Triangle Dissection,Calot Triangle Dissection,False,7
1685,Phase Recognition,Gallbladder Dissection,Gallbladder Dissection,False,7
1686,Phase Recognition,"{""answer"": ""D. Gallbladder Dissection""}",Clipping Cutting,False,7
1687,Phase Recognition,"{""answer"": ""D. Gallbladder Dissection""}",Clipping Cutting,False,7
1688,Phase Recognition,"## Surgical Answers
(1) The phase observed is Preparation.",Gallbladder Retraction,False,7
1689,Phase Recognition,Gallbladder Dissection,Gallbladder Dissection,False,7
1690,Phase Recognition,Calot Triangle Dissection,Calot Triangle Dissection,False,7
1691,Phase Recognition,"{""answer"": ""D. Gallbladder Dissection""}",Clipping Cutting,False,7
1692,Phase Recognition,Gallbladder Packaging,Gallbladder Packaging,False,7
1693,Phase Recognition,Preparation,Preparation,False,7
1694,Phase Recognition,Gallbladder Dissection,Gallbladder Dissection,False,7
1695,Phase Recognition,It's the Preparation phase.,Gallbladder Dissection,False,7
1696,Phase Recognition,Gallbladder Dissection,Gallbladder Dissection,False,7
1697,Phase Recognition,It's classified as the Gallbladder Dissection phase.,Calot Triangle Dissection,False,7
1698,Phase Recognition,Gallbladder Dissection,Gallbladder Dissection,False,7
1699,Phase Recognition,Calot Triangle Dissection,Calot Triangle Dissection,False,7
1700,Phase Recognition,Gallbladder Dissection,Calot Triangle Dissection,False,7
1701,Phase Recognition,Cleaning Coagulation,Calot Triangle Dissection,False,7
1702,Phase Recognition,Clipping Cutting,Clipping Cutting,False,7
1703,Phase Recognition,The phase represented here is Gallbladder Dissection.,Gallbladder Dissection,False,7
1704,Phase Recognition,"{""answer"": ""B. Calot Triangle Dissection""}",Clipping Cutting,False,7
1705,Phase Recognition,Calot Triangle Dissection,Calot Triangle Dissection,False,7
1706,Phase Recognition,Gallbladder Dissection,Gallbladder Dissection,False,7
1707,Phase Recognition,Cleaning Coagulation,Calot Triangle Dissection,False,7
1708,Phase Recognition,Calot Triangle Dissection,Calot Triangle Dissection,False,7
1709,Phase Recognition,Gallbladder Dissection,Gallbladder Dissection,False,7
1710,Phase Recognition,Gallbladder Packaging,Gallbladder Packaging,False,7
1711,Phase Recognition,Gallbladder Dissection,Calot Triangle Dissection,False,7
1712,Phase Recognition,"{""answer"": ""D. Gallbladder Dissection""}",Clipping Cutting,False,7
1713,Phase Recognition,Calot Triangle Dissection,Calot Triangle Dissection,False,7
1714,Phase Recognition,The current phase is Preparation.,Gallbladder Retraction,False,7
1715,Phase Recognition,The depicted phase is Clipping Cutting.,Preparation,False,7
1716,Phase Recognition,Calot Triangle Dissection,Calot Triangle Dissection,False,7
1717,Phase Recognition,Calot Triangle Dissection,Calot Triangle Dissection,False,7
1718,Phase Recognition,Gallbladder Dissection,Gallbladder Dissection,False,7
1719,Phase Recognition,Gallbladder Dissection,Gallbladder Dissection,False,7
1720,Phase Recognition,Gallbladder Dissection,Gallbladder Dissection,False,7
1721,Phase Recognition,"{""answer"": ""A. Preparation""}",Clipping Cutting,False,7
1722,Phase Recognition,Gallbladder Dissection,Gallbladder Dissection,False,7
1723,Phase Recognition,Calot Triangle Dissection,Calot Triangle Dissection,False,7
1724,Phase Recognition,Calot Triangle Dissection,Calot Triangle Dissection,False,7
1725,Phase Recognition,The phase is Gallbladder Dissection.,Gallbladder Dissection,False,7
1726,Phase Recognition,The phase is Calot Triangle Dissection.,Calot Triangle Dissection,False,7
1727,Phase Recognition,Cleaning Coagulation,Gallbladder Packaging,False,7
1728,Phase Recognition,"{""answer"": ""D. Gallbladder Dissection""}",Clipping Cutting,False,7
1729,Phase Recognition,Gallbladder Dissection,Gallbladder Dissection,False,7
1730,Phase Recognition,Calot Triangle Dissection,Calot Triangle Dissection,False,7
1731,Phase Recognition,"{""answer"": ""C. Clipping Cutting""}",Clipping Cutting,False,7
1732,Phase Recognition,"{""answer"": ""A. Preparation""}",Clipping Cutting,False,7
1733,Phase Recognition,Preparation,Preparation,False,7
1734,Phase Recognition,Cleaning Coagulation,Cleaning Coagulation,False,7
1735,Phase Recognition,This is the Calot Triangle Dissection phase.,Gallbladder Dissection,False,7
1736,Phase Recognition,Gallbladder Dissection,Calot Triangle Dissection,False,7
1737,Phase Recognition,Calot Triangle Dissection,Calot Triangle Dissection,False,7
1738,Phase Recognition,Clipping Cutting,Clipping Cutting,False,7
1739,Phase Recognition,Gallbladder Dissection,Gallbladder Dissection,False,7
1740,Phase Recognition,Calot Triangle Dissection,Calot Triangle Dissection,False,7
1741,Phase Recognition,"{""answer"": ""A. Preparation""}",Clipping Cutting,False,7
1742,Phase Recognition,It shows the Preparation phase.,Gallbladder Retraction,False,7
1743,Phase Recognition,Gallbladder Dissection,Gallbladder Dissection,False,7
1744,Phase Recognition,"{""answer"": ""B. Calot Triangle Dissection""}",Clipping Cutting,False,7
1745,Phase Recognition,Gallbladder Dissection,Gallbladder Dissection,False,7
1746,Phase Recognition,Gallbladder Dissection,Calot Triangle Dissection,False,7
1747,Phase Recognition,Calot Triangle Dissection,Calot Triangle Dissection,False,7
1748,Phase Recognition,Gallbladder Dissection,Gallbladder Dissection,False,7
1749,Phase Recognition,Gallbladder Dissection,Gallbladder Dissection,False,7
1750,Phase Recognition,Calot Triangle Dissection,Calot Triangle Dissection,False,7
1751,Phase Recognition,The reflected phase is Calot Triangle Dissection.,Gallbladder Dissection,False,7
1752,Phase Recognition,The visible phase is Calot Triangle Dissection.,Gallbladder Dissection,False,7
1753,Phase Recognition,Clipping Cutting,Clipping Cutting,False,7
1754,Phase Recognition,Gallbladder Dissection,Gallbladder Dissection,False,7
1755,Phase Recognition,This is the Calot Triangle Dissection phase.,Gallbladder Dissection,False,7
1756,Phase Recognition,Calot Triangle Dissection,Calot Triangle Dissection,False,7
1757,Phase Recognition,Gallbladder Dissection,Gallbladder Dissection,False,7
1758,Phase Recognition,Calot Triangle Dissection,Calot Triangle Dissection,False,7
1759,Phase Recognition,Calot Triangle Dissection,Calot Triangle Dissection,False,7
1760,Phase Recognition,Preparation,Gallbladder Dissection,False,7
1761,Phase Recognition,Clipping Cutting,Clipping Cutting,False,7
1762,Phase Recognition,Gallbladder Dissection,Gallbladder Dissection,False,7
1763,Phase Recognition,Calot Triangle Dissection,Calot Triangle Dissection,False,7
1764,Phase Recognition,Gallbladder Dissection,Calot Triangle Dissection,False,7
1765,Phase Recognition,"## Surgical Answers
(1) The identified phase is Gallbladder Dissection.",Gallbladder Dissection,False,7
1766,Phase Recognition,Gallbladder Dissection,Gallbladder Dissection,False,7
1767,Phase Recognition,It illustrates the Gallbladder Packaging phase.,Gallbladder Packaging,False,7
1768,Phase Recognition,Gallbladder Dissection,Calot Triangle Dissection,False,7
1769,Phase Recognition,The shown phase is Calot Triangle Dissection.,Gallbladder Dissection,False,7
1770,Phase Recognition,Calot Triangle Dissection,Calot Triangle Dissection,False,7
1771,Phase Recognition,Calot Triangle Dissection,Calot Triangle Dissection,False,7
1772,Phase Recognition,Gallbladder Dissection,Gallbladder Dissection,False,7
1773,Phase Recognition,Calot Triangle Dissection,Cleaning Coagulation,False,7
1774,Phase Recognition,"{""answer"": ""D. Gallbladder Dissection""}",Clipping Cutting,False,7
1775,Phase Recognition,Calot Triangle Dissection,Calot Triangle Dissection,False,7
1776,Phase Recognition,Gallbladder Dissection,Gallbladder Dissection,False,7
1777,Phase Recognition,Calot Triangle Dissection,Calot Triangle Dissection,False,7
1778,Phase Recognition,Calot Triangle Dissection,Calot Triangle Dissection,False,7
1779,Phase Recognition,Calot Triangle Dissection,Calot Triangle Dissection,False,7
1780,Phase Recognition,"## Surgical Answers
(1) The phase observed is Gallbladder Retraction.",Calot Triangle Dissection,False,7
1781,Phase Recognition,Gallbladder Dissection,Gallbladder Dissection,False,7
1782,Phase Recognition,The phase is identified as Gallbladder Dissection.,Gallbladder Dissection,False,7
1783,Phase Recognition,Calot Triangle Dissection,Calot Triangle Dissection,False,7
1784,Phase Recognition,Calot Triangle Dissection,Calot Triangle Dissection,False,7
1785,Phase Recognition,Clipping Cutting,Clipping Cutting,False,7
1786,Phase Recognition,Gallbladder Dissection,Gallbladder Dissection,False,7
1787,Phase Recognition,"{""answer"": ""D. Gallbladder Dissection""}",Clipping Cutting,False,7
1788,Phase Recognition,"{""answer"": ""D. Gallbladder Dissection""}",Clipping Cutting,False,7
1789,Phase Recognition,Calot Triangle Dissection,Calot Triangle Dissection,False,7
1790,Phase Recognition,Calot Triangle Dissection,Calot Triangle Dissection,False,7
1791,Phase Recognition,Gallbladder Dissection,Calot Triangle Dissection,False,7
1792,Phase Recognition,Gallbladder Dissection,Calot Triangle Dissection,False,7
1793,Phase Recognition,"{""answer"": ""B. Calot Triangle Dissection""}",Clipping Cutting,False,7
1794,Phase Recognition,Cleaning Coagulation,Cleaning Coagulation,False,7
1795,Phase Recognition,The phase shown is Preparation.,Gallbladder Retraction,False,7
1796,Phase Recognition,Calot Triangle Dissection,Calot Triangle Dissection,False,7
1797,Phase Recognition,Calot Triangle Dissection,Calot Triangle Dissection,False,7
1798,Phase Recognition,Calot Triangle Dissection,Calot Triangle Dissection,False,7
1799,Phase Recognition,Gallbladder Dissection,Gallbladder Dissection,False,7
1800,Phase Recognition,Calot Triangle Dissection,Calot Triangle Dissection,False,7
1801,Phase Recognition,Gallbladder Dissection,Gallbladder Dissection,False,7
1802,Phase Recognition,Calot Triangle Dissection,Calot Triangle Dissection,False,7
1803,Phase Recognition,"{""answer"": ""B. Calot Triangle Dissection""}",Clipping Cutting,False,7
1804,Phase Recognition,Calot Triangle Dissection,Calot Triangle Dissection,False,7
1805,Phase Recognition,Clipping Cutting,Clipping Cutting,False,7
1806,Phase Recognition,Clipping Cutting,Calot Triangle Dissection,False,7
1807,Phase Recognition,Preparation,Calot Triangle Dissection,False,7
1808,Phase Recognition,Clipping Cutting,Clipping Cutting,False,7
1809,Phase Recognition,Calot Triangle Dissection,Calot Triangle Dissection,False,7
1810,Phase Recognition,Cleaning Coagulation,Cleaning Coagulation,False,7
1811,Phase Recognition,Gallbladder Retraction,Gallbladder Retraction,False,7
1812,Phase Recognition,The phase represented is Gallbladder Dissection.,Gallbladder Dissection,False,7
1813,Phase Recognition,"{""answer"": ""B. Calot Triangle Dissection""}",Clipping Cutting,False,7
1814,Phase Recognition,"{""answer"": ""B. Calot Triangle Dissection""}",Clipping Cutting,False,7
1815,Phase Recognition,It shows the Gallbladder Dissection phase.,Gallbladder Dissection,False,7
1816,Phase Recognition,The current phase is Gallbladder Dissection.,Calot Triangle Dissection,False,7
1817,Phase Recognition,Calot Triangle Dissection,Calot Triangle Dissection,False,7
1818,Phase Recognition,"{""answer"": ""D. Gallbladder Dissection""}",Clipping Cutting,False,7
1819,Phase Recognition,"{""answer"": ""D. Gallbladder Dissection""}",Clipping Cutting,False,7
1820,Phase Recognition,Cleaning Coagulation,Cleaning Coagulation,False,7
1821,Phase Recognition,Cleaning Coagulation,Cleaning Coagulation,False,7
1822,Phase Recognition,Gallbladder Dissection,Cleaning Coagulation,False,7
1823,Phase Recognition,The identified phase is Gallbladder Dissection.,Gallbladder Dissection,False,7
1824,Phase Recognition,Gallbladder Dissection,Gallbladder Dissection,False,7
1825,Phase Recognition,Gallbladder Dissection,Gallbladder Dissection,False,7
1826,Phase Recognition,It's showing the Calot Triangle Dissection phase.,Clipping Cutting,False,7
1827,Phase Recognition,Gallbladder Dissection,Gallbladder Dissection,False,7
1828,Phase Recognition,Gallbladder Dissection,Gallbladder Dissection,False,7
1829,Phase Recognition,The identified phase is Calot Triangle Dissection.,Calot Triangle Dissection,False,7
1830,Phase Recognition,Gallbladder Dissection,Calot Triangle Dissection,False,7
1831,Phase Recognition,"## Surgical Answers
(1) The phase in this image is Preparation.",Gallbladder Retraction,False,7
1832,Phase Recognition,Calot Triangle Dissection,Calot Triangle Dissection,False,7
1833,Phase Recognition,Calot Triangle Dissection,Calot Triangle Dissection,False,7
1834,Phase Recognition,Cleaning Coagulation,Cleaning Coagulation,False,7
1835,Phase Recognition,Gallbladder Dissection,Gallbladder Dissection,False,7
1836,Phase Recognition,"{""answer"": ""D. Gallbladder Dissection""}",Clipping Cutting,False,7
1837,Phase Recognition,Gallbladder Dissection,Calot Triangle Dissection,False,7
1838,Phase Recognition,The phase represented here is Calot Triangle Dissection.,Gallbladder Dissection,False,7
1839,Phase Recognition,Clipping Cutting,Clipping Cutting,False,7
1840,Phase Recognition,Calot Triangle Dissection,Calot Triangle Dissection,False,7
1841,Phase Recognition,It's the Gallbladder Retraction phase.,Gallbladder Retraction,False,7
1842,Phase Recognition,Gallbladder Dissection,Calot Triangle Dissection,False,7
1843,Phase Recognition,Calot Triangle Dissection,Calot Triangle Dissection,False,7
1844,Phase Recognition,"{""answer"": ""B. Calot Triangle Dissection""}",Clipping Cutting,False,7
1845,Phase Recognition,Calot Triangle Dissection,Calot Triangle Dissection,False,7
1846,Phase Recognition,Gallbladder Dissection,Calot Triangle Dissection,False,7
1847,Phase Recognition,It illustrates the Preparation phase.,Gallbladder Retraction,False,7
1848,Phase Recognition,Gallbladder Dissection,Calot Triangle Dissection,False,7
1849,Phase Recognition,Clipping Cutting,Clipping Cutting,False,7
1850,Phase Recognition,"{""answer"": ""B. Calot Triangle Dissection""}",Clipping Cutting,False,7
1851,Phase Recognition,Gallbladder Dissection,Gallbladder Dissection,False,7
1852,Phase Recognition,Gallbladder Dissection,Calot Triangle Dissection,False,7
1853,Phase Recognition,"{""answer"": ""D. Gallbladder Dissection""}",Clipping Cutting,False,7
1854,Phase Recognition,"{""answer"": ""D. Gallbladder Dissection""}",Clipping Cutting,False,7
1855,Phase Recognition,Calot Triangle Dissection,Calot Triangle Dissection,False,7
1856,Phase Recognition,The procedure is in the Calot Triangle Dissection phase.,Gallbladder Dissection,False,7
1857,Phase Recognition,The identified phase is Gallbladder Dissection.,Gallbladder Dissection,False,7
1858,Phase Recognition,"{""answer"": ""E. Gallbladder Packaging""}",Clipping Cutting,False,7
1859,Phase Recognition,Gallbladder Dissection,Calot Triangle Dissection,False,7
1860,Phase Recognition,"{""answer"": ""B. Calot Triangle Dissection""}",Clipping Cutting,False,7
1861,Phase Recognition,Calot Triangle Dissection,Gallbladder Dissection,False,7
1862,Phase Recognition,The procedure is in the Gallbladder Dissection phase.,Gallbladder Dissection,False,7
1863,Phase Recognition,"{""answer"": ""D. Gallbladder Dissection""}",Clipping Cutting,False,7
1864,Phase Recognition,Gallbladder Dissection,Gallbladder Dissection,False,7
1865,Phase Recognition,Gallbladder Retraction,Gallbladder Retraction,False,7
1866,Phase Recognition,"{""answer"": ""B. Calot Triangle Dissection""}",Clipping Cutting,False,7
1867,Phase Recognition,"{""answer"": ""B. Calot Triangle Dissection""}",Clipping Cutting,False,7
1868,Phase Recognition,Calot Triangle Dissection,Calot Triangle Dissection,False,7
1869,Phase Recognition,Calot Triangle Dissection,Calot Triangle Dissection,False,7
1870,Phase Recognition,"{""answer"": ""B. Calot Triangle Dissection""}",Clipping Cutting,False,7
1871,Phase Recognition,"{""answer"": ""E. Gallbladder Packaging""}",Clipping Cutting,False,7
1872,Phase Recognition,Gallbladder Dissection,Gallbladder Dissection,False,7
1873,Phase Recognition,Gallbladder Dissection,Gallbladder Dissection,False,7
1874,Phase Recognition,Clipping Cutting,Clipping Cutting,False,7
1875,Phase Recognition,Gallbladder Dissection,Clipping Cutting,False,7
1876,Phase Recognition,Gallbladder Dissection,Gallbladder Dissection,False,7
1877,Phase Recognition,Gallbladder Dissection,Calot Triangle Dissection,False,7
1878,Phase Recognition,Preparation,Preparation,False,7
1879,Phase Recognition,"{""answer"": ""A. Preparation""}",Clipping Cutting,False,7
1880,Phase Recognition,Calot Triangle Dissection,Calot Triangle Dissection,False,7
1881,Phase Recognition,"{""answer"": ""D. Gallbladder Dissection""}",Clipping Cutting,False,7
1882,Phase Recognition,Gallbladder Dissection,Gallbladder Dissection,False,7
1883,Phase Recognition,"{""answer"": ""B. Calot Triangle Dissection""}",Clipping Cutting,False,7
1884,Phase Recognition,Gallbladder Dissection,Gallbladder Dissection,False,7
1885,Phase Recognition,"{""answer"": ""B. Calot Triangle Dissection""}",Clipping Cutting,False,7
1886,Phase Recognition,Gallbladder Dissection,Calot Triangle Dissection,False,7
1887,Phase Recognition,Calot Triangle Dissection,Calot Triangle Dissection,False,7
1888,Phase Recognition,"{""answer"": ""A. Preparation""}",Clipping Cutting,False,7
1889,Phase Recognition,"{""answer"": ""B. Calot Triangle Dissection""}",Clipping Cutting,False,7
1890,Phase Recognition,Gallbladder Retraction,Gallbladder Packaging,False,7
1891,Phase Recognition,Calot Triangle Dissection,Calot Triangle Dissection,False,7
1892,Phase Recognition,Gallbladder Dissection,Gallbladder Dissection,False,7
1893,Phase Recognition,Calot Triangle Dissection,Calot Triangle Dissection,False,7
1894,Phase Recognition,Gallbladder Packaging,Gallbladder Packaging,False,7
1895,Phase Recognition,Gallbladder Dissection,Gallbladder Dissection,False,7
1896,Phase Recognition,"## Surgical Answers
(1) The stage corresponds to Preparation.",Preparation,False,7
1897,Phase Recognition,Calot Triangle Dissection,Calot Triangle Dissection,False,7
1898,Phase Recognition,The phase represented is Calot Triangle Dissection.,Calot Triangle Dissection,False,7
1899,Phase Recognition,The phase represented here is Gallbladder Dissection.,Gallbladder Dissection,False,7
1900,Phase Recognition,Gallbladder Dissection,Clipping Cutting,False,7
1901,Phase Recognition,Gallbladder Dissection,Gallbladder Dissection,False,7
1902,Phase Recognition,Calot Triangle Dissection,Calot Triangle Dissection,False,7
1903,Phase Recognition,Gallbladder Dissection,Gallbladder Dissection,False,7
1904,Phase Recognition,Clipping Cutting,Calot Triangle Dissection,False,7
1905,Phase Recognition,Gallbladder Dissection,Gallbladder Dissection,False,7
1906,Phase Recognition,Gallbladder Dissection,Gallbladder Dissection,False,7
1907,Phase Recognition,"{""answer"": ""B. Calot Triangle Dissection""}",Clipping Cutting,False,7
1908,Phase Recognition,The procedure is in the Clipping Cutting phase.,Gallbladder Dissection,False,7
1909,Phase Recognition,Clipping Cutting,Clipping Cutting,False,7
1910,Phase Recognition,Gallbladder Packaging,Gallbladder Packaging,False,7
1911,Phase Recognition,Calot Triangle Dissection,Calot Triangle Dissection,False,7
1912,Phase Recognition,Gallbladder Dissection,Gallbladder Dissection,False,7
1913,Phase Recognition,The phase depicted is Gallbladder Packaging.,Preparation,False,7
1914,Phase Recognition,"{""answer"": ""B. Calot Triangle Dissection""}",Clipping Cutting,False,7
1915,Phase Recognition,"## Surgical Answers
(1) This is the Preparation phase.",Calot Triangle Dissection,False,7
1916,Phase Recognition,"{""answer"": ""D. Gallbladder Dissection""}",Clipping Cutting,False,7
1917,Phase Recognition,Gallbladder Dissection,Gallbladder Dissection,False,7
1918,Phase Recognition,Gallbladder Dissection,Gallbladder Dissection,False,7
1919,Phase Recognition,Gallbladder Dissection,Calot Triangle Dissection,False,7
1920,Phase Recognition,Clipping Cutting,Calot Triangle Dissection,False,7
1921,Phase Recognition,Gallbladder Dissection,Gallbladder Dissection,False,7
1922,Phase Recognition,"{""answer"": ""B. Calot Triangle Dissection""}",Clipping Cutting,False,7
1923,Phase Recognition,Gallbladder Dissection,Gallbladder Dissection,False,7
1924,Phase Recognition,Calot Triangle Dissection,Calot Triangle Dissection,False,7
1925,Phase Recognition,Calot Triangle Dissection,Calot Triangle Dissection,False,7
1926,Phase Recognition,"{""answer"": ""D. Gallbladder Dissection""}",Clipping Cutting,False,7
1927,Phase Recognition,"{""answer"": ""B. Calot Triangle Dissection""}",Clipping Cutting,False,7
1928,Phase Recognition,Preparation,Preparation,False,7
1929,Phase Recognition,Gallbladder Dissection,Gallbladder Dissection,False,7
1930,Phase Recognition,"{""answer"": ""B. Calot Triangle Dissection""}",Clipping Cutting,False,7
1931,Phase Recognition,"{""answer"": ""B. Calot Triangle Dissection""}",Clipping Cutting,False,7
1932,Phase Recognition,Gallbladder Dissection,Gallbladder Dissection,False,7
1933,Phase Recognition,Gallbladder Dissection,Calot Triangle Dissection,False,7
1934,Phase Recognition,Clipping Cutting,Clipping Cutting,False,7
1935,Phase Recognition,This is the Gallbladder Dissection phase.,Gallbladder Dissection,False,7
1936,Phase Recognition,Gallbladder Packaging,Gallbladder Packaging,False,7
1937,Phase Recognition,Calot Triangle Dissection,Calot Triangle Dissection,False,7
1938,Phase Recognition,Calot Triangle Dissection,Calot Triangle Dissection,False,7
1939,Phase Recognition,Gallbladder Packaging,Gallbladder Packaging,False,7
1940,Phase Recognition,Gallbladder Dissection,Calot Triangle Dissection,False,7
1941,Phase Recognition,Gallbladder Dissection,Gallbladder Dissection,False,7
1942,Phase Recognition,The procedure is in the Gallbladder Dissection phase.,Gallbladder Dissection,False,7
1943,Phase Recognition,Gallbladder Dissection,Gallbladder Dissection,False,7
1944,Phase Recognition,The phase underway is Calot Triangle Dissection.,Preparation,False,7
1945,Phase Recognition,Calot Triangle Dissection,Calot Triangle Dissection,False,7
1946,Phase Recognition,"{""answer"": ""A. Preparation""}",Clipping Cutting,False,7
1947,Phase Recognition,Calot Triangle Dissection,Calot Triangle Dissection,False,7
1948,Phase Recognition,Gallbladder Dissection,Clipping Cutting,False,7
1949,Phase Recognition,"{""answer"": ""B. Calot Triangle Dissection""}",Clipping Cutting,False,7
1950,Phase Recognition,"{""answer"": ""D. Gallbladder Dissection""}",Clipping Cutting,False,7
1951,Phase Recognition,Calot Triangle Dissection,Calot Triangle Dissection,False,7
1952,Phase Recognition,The phase underway is Gallbladder Dissection.,Preparation,False,7
1953,Phase Recognition,Calot Triangle Dissection,Calot Triangle Dissection,False,7
1954,Phase Recognition,"{""answer"": ""D. Gallbladder Dissection""}",Clipping Cutting,False,7
1955,Phase Recognition,Cleaning Coagulation,Cleaning Coagulation,False,7
1956,Phase Recognition,Gallbladder Dissection,Gallbladder Dissection,False,7
1957,Phase Recognition,The phase is Gallbladder Dissection.,Gallbladder Dissection,False,7
1958,Phase Recognition,"{""answer"": ""B. Calot Triangle Dissection""}",Clipping Cutting,False,7
1959,Phase Recognition,Gallbladder Dissection,Gallbladder Dissection,False,7
1960,Phase Recognition,"{""answer"": ""B. Calot Triangle Dissection""}",Clipping Cutting,False,7
1961,Phase Recognition,Calot Triangle Dissection,Calot Triangle Dissection,False,7
1962,Phase Recognition,The phase in this image is Preparation.,Gallbladder Retraction,False,7
1963,Phase Recognition,Gallbladder Dissection,Calot Triangle Dissection,False,7
1964,Phase Recognition,Gallbladder Dissection,Gallbladder Dissection,False,7
1965,Phase Recognition,Calot Triangle Dissection,Calot Triangle Dissection,False,7
1966,Phase Recognition,The shown phase is Preparation.,Calot Triangle Dissection,False,7
1967,Phase Recognition,Gallbladder Dissection,Gallbladder Dissection,False,7
1968,Phase Recognition,Gallbladder Packaging,Gallbladder Packaging,False,7
1969,Phase Recognition,Cleaning Coagulation,Cleaning Coagulation,False,7
1970,Phase Recognition,Clipping Cutting,Clipping Cutting,False,7
1971,Phase Recognition,Gallbladder Dissection,Gallbladder Dissection,False,7
1972,Phase Recognition,The stage corresponds to Calot Triangle Dissection.,Calot Triangle Dissection,False,7
1973,Phase Recognition,Calot Triangle Dissection,Calot Triangle Dissection,False,7
1974,Phase Recognition,Calot Triangle Dissection,Gallbladder Dissection,False,7
1975,Phase Recognition,Gallbladder Dissection,Gallbladder Dissection,False,7
1976,Phase Recognition,Gallbladder Dissection,Gallbladder Dissection,False,7
1977,Phase Recognition,The indicated phase is Preparation.,Preparation,False,7
1978,Phase Recognition,Calot Triangle Dissection,Calot Triangle Dissection,False,7
1979,Phase Recognition,Calot Triangle Dissection,Calot Triangle Dissection,False,7
1980,Phase Recognition,Gallbladder Retraction,Preparation,False,7
1981,Phase Recognition,Gallbladder Dissection,Calot Triangle Dissection,False,7
1982,Phase Recognition,Clipping Cutting,Calot Triangle Dissection,False,7
1983,Phase Recognition,Calot Triangle Dissection,Calot Triangle Dissection,False,7
1984,Phase Recognition,Clipping Cutting,Clipping Cutting,False,7
1985,Phase Recognition,Gallbladder Dissection,Gallbladder Dissection,False,7
1986,Phase Recognition,Gallbladder Dissection,Gallbladder Dissection,False,7
1987,Phase Recognition,Gallbladder Dissection,Gallbladder Dissection,False,7
1988,Phase Recognition,The depicted phase is Calot Triangle Dissection.,Preparation,False,7
1989,Phase Recognition,Gallbladder Dissection,Gallbladder Dissection,False,7
1990,Phase Recognition,Calot Triangle Dissection,Calot Triangle Dissection,False,7
1991,Phase Recognition,Gallbladder Dissection,Gallbladder Dissection,False,7
1992,Phase Recognition,Gallbladder Dissection,Gallbladder Dissection,False,7
1993,Phase Recognition,Gallbladder Dissection,Gallbladder Dissection,False,7
1994,Phase Recognition,Gallbladder Dissection,Gallbladder Dissection,False,7
1995,Phase Recognition,Calot Triangle Dissection,Calot Triangle Dissection,False,7
1996,Phase Recognition,Calot Triangle Dissection,Calot Triangle Dissection,False,7
1997,Phase Recognition,Gallbladder Dissection,Calot Triangle Dissection,False,7
1998,Phase Recognition,"{""answer"": ""B. Calot Triangle Dissection""}",Clipping Cutting,False,7
1999,Phase Recognition,Calot Triangle Dissection,Calot Triangle Dissection,False,7
2000,Phase Recognition,"{""answer"": ""C. Clipping Cutting""}",Clipping Cutting,False,7
2001,Phase Recognition,"{""answer"": ""A. Preparation""}",Clipping Cutting,False,7
2002,Phase Recognition,Gallbladder Dissection,Gallbladder Dissection,False,7
2003,Phase Recognition,"{""answer"": ""B. Calot Triangle Dissection""}",Clipping Cutting,False,7
2004,Phase Recognition,Calot Triangle Dissection,Calot Triangle Dissection,False,7
2005,Phase Recognition,The phase shown is Gallbladder Dissection.,Gallbladder Dissection,False,7
2006,Phase Recognition,Gallbladder Dissection,Calot Triangle Dissection,False,7
2007,Phase Recognition,Gallbladder Dissection,Gallbladder Dissection,False,7
2008,Phase Recognition,Clipping Cutting,Calot Triangle Dissection,False,7
2009,Phase Recognition,"{""answer"": ""D. Gallbladder Dissection""}",Clipping Cutting,False,7
2010,Phase Recognition,It illustrates the Calot Triangle Dissection phase.,Calot Triangle Dissection,False,7
2011,Phase Recognition,Calot Triangle Dissection,Calot Triangle Dissection,False,7
2012,Phase Recognition,Gallbladder Dissection,Calot Triangle Dissection,False,7
2013,Phase Recognition,"{""answer"": ""F. Cleaning Coagulation""}",Clipping Cutting,False,7
2014,Phase Recognition,The stage corresponds to Calot Triangle Dissection.,Calot Triangle Dissection,False,7
2015,Phase Recognition,Gallbladder Dissection,Gallbladder Dissection,False,7
2016,Phase Recognition,"{""answer"": ""D. Gallbladder Dissection""}",Clipping Cutting,False,7
2017,Phase Recognition,Preparation,Preparation,False,7
2018,Phase Recognition,"{""answer"": ""B. Calot Triangle Dissection""}",Clipping Cutting,False,7
2019,Phase Recognition,Calot Triangle Dissection,Calot Triangle Dissection,False,7
2020,Phase Recognition,"{""answer"": ""D. Gallbladder Dissection""}",Clipping Cutting,False,7
2021,Phase Recognition,Gallbladder Dissection,Gallbladder Dissection,False,7
2022,Phase Recognition,"{""answer"": ""B. Calot Triangle Dissection""}",Clipping Cutting,False,7
2023,Phase Recognition,The phase represented is Calot Triangle Dissection.,Gallbladder Dissection,False,7
2024,Phase Recognition,It's classified as the Gallbladder Dissection phase.,Calot Triangle Dissection,False,7
2025,Phase Recognition,"## Surgical Answers
(1) The phase represented here is Preparation.",Gallbladder Dissection,False,7
2026,Phase Recognition,Calot Triangle Dissection,Calot Triangle Dissection,False,7
2027,Phase Recognition,Gallbladder Dissection,Calot Triangle Dissection,False,7
2028,Phase Recognition,Calot Triangle Dissection,Calot Triangle Dissection,False,7
2029,Phase Recognition,Gallbladder Dissection,Gallbladder Dissection,False,7
2030,Phase Recognition,Clipping Cutting,Clipping Cutting,False,7
2031,Phase Recognition,Gallbladder Dissection,Gallbladder Dissection,False,7
2032,Phase Recognition,The indicated phase is Gallbladder Dissection.,Gallbladder Dissection,False,7
2033,Phase Recognition,The depicted phase is Preparation.,Preparation,False,7
2034,Phase Recognition,Calot Triangle Dissection,Calot Triangle Dissection,False,7
2035,Phase Recognition,"{""answer"": ""D. Gallbladder Dissection""}",Clipping Cutting,False,7
2036,Phase Recognition,"{""answer"": ""A. Preparation""}",Clipping Cutting,False,7
2037,Phase Recognition,Calot Triangle Dissection,Calot Triangle Dissection,False,7
2038,Phase Recognition,Calot Triangle Dissection,Calot Triangle Dissection,False,7
2039,Phase Recognition,The image shows the Gallbladder Dissection phase.,Gallbladder Dissection,False,7
2040,Phase Recognition,Gallbladder Dissection,Calot Triangle Dissection,False,7
2041,Phase Recognition,It's showing the Gallbladder Packaging phase.,Gallbladder Packaging,False,7
2042,Phase Recognition,Cleaning Coagulation,Calot Triangle Dissection,False,7
2043,Phase Recognition,Gallbladder Dissection,Gallbladder Dissection,False,7
2044,Phase Recognition,Gallbladder Packaging,Gallbladder Packaging,False,7
2045,Phase Recognition,Calot Triangle Dissection,Calot Triangle Dissection,False,7
2046,Phase Recognition,Gallbladder Dissection,Gallbladder Dissection,False,7
2047,Phase Recognition,Gallbladder Dissection,Gallbladder Dissection,False,7
2048,Phase Recognition,Gallbladder Dissection,Gallbladder Dissection,False,7
2049,Phase Recognition,Gallbladder Dissection,Gallbladder Dissection,False,7
2050,Phase Recognition,Gallbladder Packaging,Gallbladder Packaging,False,7
2051,Phase Recognition,It's showing the Calot Triangle Dissection phase.,Gallbladder Dissection,False,7
2052,Phase Recognition,Gallbladder Dissection,Gallbladder Dissection,False,7
2053,Phase Recognition,The phase observed is Gallbladder Dissection.,Gallbladder Dissection,False,7
2054,Phase Recognition,"{""answer"": ""C. Clipping Cutting""}",Clipping Cutting,False,7
2055,Phase Recognition,Preparation,Calot Triangle Dissection,False,7
2056,Phase Recognition,Gallbladder Packaging,Gallbladder Packaging,False,7
2057,Phase Recognition,Calot Triangle Dissection,Calot Triangle Dissection,False,7
2058,Phase Recognition,Gallbladder Retraction,Gallbladder Packaging,False,7
2059,Phase Recognition,Clipping Cutting,Clipping Cutting,False,7
2060,Phase Recognition,Clipping Cutting,Clipping Cutting,False,7
2061,Phase Recognition,Gallbladder Retraction,Gallbladder Retraction,False,7
2062,Phase Recognition,The phase is Calot Triangle Dissection.,Gallbladder Dissection,False,7
2063,Phase Recognition,Calot Triangle Dissection,Calot Triangle Dissection,False,7
2064,Phase Recognition,It's the Clipping Cutting phase.,Gallbladder Dissection,False,7
2065,Phase Recognition,The phase underway is Calot Triangle Dissection.,Preparation,False,7
2066,Phase Recognition,Gallbladder Dissection,Calot Triangle Dissection,False,7
2067,Phase Recognition,Gallbladder Packaging,Gallbladder Packaging,False,7
2068,Phase Recognition,Gallbladder Dissection,Calot Triangle Dissection,False,7
2069,Phase Recognition,Calot Triangle Dissection,Calot Triangle Dissection,False,7
2070,Phase Recognition,"{""answer"": ""D. Gallbladder Dissection""}",Clipping Cutting,False,7
2071,Phase Recognition,Calot Triangle Dissection,Calot Triangle Dissection,False,7
2072,Phase Recognition,"{""answer"": ""B. Calot Triangle Dissection""}",Clipping Cutting,False,7
2073,Phase Recognition,Gallbladder Dissection,Calot Triangle Dissection,False,7
2074,Phase Recognition,The identified phase is Gallbladder Packaging.,Gallbladder Packaging,False,7
2075,Phase Recognition,Gallbladder Dissection,Gallbladder Dissection,False,7
2076,Phase Recognition,Calot Triangle Dissection,Gallbladder Dissection,False,7
2077,Phase Recognition,This phase is Calot Triangle Dissection.,Gallbladder Dissection,False,7
2078,Phase Recognition,Calot Triangle Dissection,Calot Triangle Dissection,False,7
2079,Phase Recognition,Calot Triangle Dissection,Calot Triangle Dissection,False,7
2080,Phase Recognition,Gallbladder Dissection,Gallbladder Dissection,False,7
2081,Phase Recognition,Calot Triangle Dissection,Calot Triangle Dissection,False,7
2082,Phase Recognition,Gallbladder Dissection,Gallbladder Dissection,False,7
2083,Phase Recognition,Cleaning Coagulation,Cleaning Coagulation,False,7
2084,Phase Recognition,Gallbladder Dissection,Gallbladder Dissection,False,7
2085,Phase Recognition,Cleaning Coagulation,Cleaning Coagulation,False,7
2086,Phase Recognition,"{""answer"": ""F. Cleaning Coagulation""}",Clipping Cutting,False,7
2087,Phase Recognition,Gallbladder Packaging,Gallbladder Packaging,False,7
2088,Phase Recognition,"{""answer"": ""D. Gallbladder Dissection""}",Clipping Cutting,False,7
2089,Phase Recognition,Gallbladder Dissection,Calot Triangle Dissection,False,7
2090,Phase Recognition,Gallbladder Dissection,Gallbladder Dissection,False,7
2091,Phase Recognition,Gallbladder Dissection,Gallbladder Dissection,False,7
2092,Phase Recognition,Gallbladder Dissection,Gallbladder Dissection,False,7
2093,Phase Recognition,"{""answer"": ""E. Gallbladder Packaging""}",Clipping Cutting,False,7
2094,Phase Recognition,Gallbladder Dissection,Calot Triangle Dissection,False,7
2095,Phase Recognition,Calot Triangle Dissection,Calot Triangle Dissection,False,7
2096,Phase Recognition,Calot Triangle Dissection,Calot Triangle Dissection,False,7
2097,Phase Recognition,Gallbladder Dissection,Gallbladder Dissection,False,7
2098,Phase Recognition,"{""answer"": ""B. Calot Triangle Dissection""}",Clipping Cutting,False,7
2099,Phase Recognition,"{""answer"": ""A. Preparation""}",Clipping Cutting,False,7
2100,Phase Recognition,"{""answer"": ""D. Gallbladder Dissection""}",Clipping Cutting,False,7
2101,Phase Recognition,Gallbladder Dissection,Gallbladder Dissection,False,7
2102,Phase Recognition,Calot Triangle Dissection,Calot Triangle Dissection,False,7
2103,Phase Recognition,"{""answer"": ""B. Calot Triangle Dissection""}",Clipping Cutting,False,7
2104,Phase Recognition,"{""answer"": ""D. Gallbladder Dissection""}",Clipping Cutting,False,7
2105,Phase Recognition,Gallbladder Retraction,Gallbladder Retraction,False,7
2106,Phase Recognition,Calot Triangle Dissection,Calot Triangle Dissection,False,7
2107,Phase Recognition,"{""answer"": ""A. Preparation""}",Clipping Cutting,False,7
2108,Phase Recognition,The identified phase is Gallbladder Dissection.,Gallbladder Dissection,False,7
2109,Phase Recognition,Gallbladder Packaging,Gallbladder Dissection,False,7
2110,Phase Recognition,Calot Triangle Dissection,Calot Triangle Dissection,False,7
2111,Phase Recognition,Calot Triangle Dissection,Calot Triangle Dissection,False,7
2112,Phase Recognition,Calot Triangle Dissection,Calot Triangle Dissection,False,7
2113,Phase Recognition,Calot Triangle Dissection,Calot Triangle Dissection,False,7
2114,Phase Recognition,Gallbladder Dissection,Gallbladder Dissection,False,7
2115,Phase Recognition,"{""answer"": ""B. Calot Triangle Dissection""}",Clipping Cutting,False,7
2116,Phase Recognition,Gallbladder Dissection,Gallbladder Dissection,False,7
2117,Phase Recognition,Calot Triangle Dissection,Calot Triangle Dissection,False,7
2118,Phase Recognition,"{""answer"": ""D. Gallbladder Dissection""}",Clipping Cutting,False,7
2119,Phase Recognition,Gallbladder Dissection,Gallbladder Dissection,False,7
2120,Phase Recognition,Calot Triangle Dissection,Calot Triangle Dissection,False,7
2121,Phase Recognition,Gallbladder Dissection,Calot Triangle Dissection,False,7
2122,Phase Recognition,Gallbladder Dissection,Calot Triangle Dissection,False,7
2123,Phase Recognition,Gallbladder Dissection,Calot Triangle Dissection,False,7
2124,Phase Recognition,The phase observed is Gallbladder Dissection.,Calot Triangle Dissection,False,7
2125,Phase Recognition,Gallbladder Dissection,Gallbladder Dissection,False,7
2126,Phase Recognition,Gallbladder Dissection,Calot Triangle Dissection,False,7
2127,Phase Recognition,"## Surgical Answers
(1) The phase observed is Preparation.",Gallbladder Retraction,False,7
2128,Phase Recognition,Gallbladder Dissection,Gallbladder Dissection,False,7
2129,Phase Recognition,"{""answer"": ""D. Gallbladder Dissection""}",Clipping Cutting,False,7
2130,Phase Recognition,Clipping Cutting,Clipping Cutting,False,7
2131,Phase Recognition,Calot Triangle Dissection,Calot Triangle Dissection,False,7
2132,Phase Recognition,Calot Triangle Dissection,Calot Triangle Dissection,False,7
2133,Phase Recognition,Gallbladder Packaging,Gallbladder Packaging,False,7
2134,Phase Recognition,"{""answer"": ""B. Calot Triangle Dissection""}",Clipping Cutting,False,7
2135,Phase Recognition,Gallbladder Retraction,Gallbladder Packaging,False,7
2136,Phase Recognition,Calot Triangle Dissection,Calot Triangle Dissection,False,7
2137,Phase Recognition,Gallbladder Dissection,Calot Triangle Dissection,False,7
2138,Phase Recognition,"## Surgical Answers
(1) It shows the Gallbladder Dissection phase.",Gallbladder Dissection,False,7
2139,Phase Recognition,Gallbladder Dissection,Calot Triangle Dissection,False,7
2140,Phase Recognition,"{""answer"": ""F. Cleaning Coagulation""}",Clipping Cutting,False,7
2141,Phase Recognition,The shown phase is Gallbladder Dissection.,Gallbladder Dissection,False,7
2142,Phase Recognition,"{""answer"": ""B. Calot Triangle Dissection""}",Clipping Cutting,False,7
2143,Phase Recognition,Calot Triangle Dissection,Calot Triangle Dissection,False,7
2144,Phase Recognition,"{""answer"": ""B. Calot Triangle Dissection""}",Clipping Cutting,False,7
2145,Phase Recognition,Gallbladder Dissection,Gallbladder Dissection,False,7
2146,Phase Recognition,Calot Triangle Dissection,Calot Triangle Dissection,False,7
2147,Phase Recognition,Calot Triangle Dissection,Calot Triangle Dissection,False,7
2148,Phase Recognition,Gallbladder Dissection,Gallbladder Dissection,False,7
2149,Phase Recognition,This is the Gallbladder Dissection phase.,Gallbladder Dissection,False,7
2150,Phase Recognition,Clipping Cutting,Clipping Cutting,False,7
2151,Phase Recognition,"{""answer"": ""B. Calot Triangle Dissection""}",Clipping Cutting,False,7
2152,Phase Recognition,Calot Triangle Dissection,Calot Triangle Dissection,False,7
2153,Phase Recognition,"## Surgical Answers
(1) The depicted phase is Preparation.",Gallbladder Retraction,False,7
2154,Phase Recognition,The surgical phase is Cleaning Coagulation.,Gallbladder Retraction,False,7
2155,Phase Recognition,Gallbladder Dissection,Clipping Cutting,False,7
2156,Phase Recognition,Gallbladder Dissection,Calot Triangle Dissection,False,7
2157,Phase Recognition,Calot Triangle Dissection,Calot Triangle Dissection,False,7
2158,Phase Recognition,"{""answer"": ""D. Gallbladder Dissection""}",Clipping Cutting,False,7
2159,Phase Recognition,"{""answer"": ""B. Calot Triangle Dissection""}",Clipping Cutting,False,7
2160,Phase Recognition,Calot Triangle Dissection,Calot Triangle Dissection,False,7
2161,Phase Recognition,"## Surgical Answers
(1) The procedure is in the Calot Triangle Dissection phase.",Gallbladder Dissection,False,7
2162,Phase Recognition,"{""answer"": ""B. Calot Triangle Dissection""}",Clipping Cutting,False,7
2163,Phase Recognition,Gallbladder Dissection,Calot Triangle Dissection,False,7
2164,Phase Recognition,"{""answer"": ""D. Gallbladder Dissection""}",Clipping Cutting,False,7
2165,Phase Recognition,Clipping Cutting,Calot Triangle Dissection,False,7
2166,Phase Recognition,It's the Calot Triangle Dissection phase.,Calot Triangle Dissection,False,7
2167,Phase Recognition,Calot Triangle Dissection,Calot Triangle Dissection,False,7
2168,Phase Recognition,Gallbladder Dissection,Calot Triangle Dissection,False,7
2169,Phase Recognition,Clipping Cutting,Clipping Cutting,False,7
2170,Phase Recognition,Calot Triangle Dissection,Calot Triangle Dissection,False,7
2171,Phase Recognition,Calot Triangle Dissection,Calot Triangle Dissection,False,7
2172,Phase Recognition,The stage corresponds to Gallbladder Dissection.,Gallbladder Dissection,False,7
2173,Phase Recognition,Calot Triangle Dissection,Calot Triangle Dissection,False,7
2174,Phase Recognition,Clipping Cutting,Clipping Cutting,False,7
2175,Phase Recognition,"{""answer"": ""B. Calot Triangle Dissection""}",Clipping Cutting,False,7
2176,Phase Recognition,Preparation,Preparation,False,7
2177,Phase Recognition,It captures the Gallbladder Dissection phase.,Gallbladder Dissection,False,7
2178,Phase Recognition,Calot Triangle Dissection,Calot Triangle Dissection,False,7
2179,Phase Recognition,Cleaning Coagulation,Cleaning Coagulation,False,7
2180,Phase Recognition,Calot Triangle Dissection,Calot Triangle Dissection,False,7
2181,Phase Recognition,Gallbladder Dissection,Gallbladder Dissection,False,7
2182,Phase Recognition,Gallbladder Dissection,Calot Triangle Dissection,False,7
2183,Phase Recognition,"{""answer"": ""C. Clipping Cutting""}",Clipping Cutting,False,7
2184,Phase Recognition,"{""answer"": ""B. Calot Triangle Dissection""}",Clipping Cutting,False,7
2185,Phase Recognition,The phase represented here is Calot Triangle Dissection.,Gallbladder Dissection,False,7
2186,Phase Recognition,Gallbladder Retraction,Gallbladder Retraction,False,7
2187,Phase Recognition,"{""answer"": ""B. Calot Triangle Dissection""}",Clipping Cutting,False,7
2188,Phase Recognition,Gallbladder Dissection,Gallbladder Dissection,False,7
2189,Phase Recognition,Gallbladder Dissection,Gallbladder Dissection,False,7
2190,Phase Recognition,"## Surgical Answers
(1) The phase shown is Preparation.",Gallbladder Retraction,False,7
2191,Phase Recognition,Gallbladder Dissection,Gallbladder Dissection,False,7
2192,Phase Recognition,The phase represented is Gallbladder Dissection.,Gallbladder Dissection,False,7
2193,Phase Recognition,Clipping Cutting,Calot Triangle Dissection,False,7
2194,Phase Recognition,"{""answer"": ""A. Preparation""}",Clipping Cutting,False,7
2195,Phase Recognition,Preparation,Preparation,False,7
2196,Phase Recognition,Calot Triangle Dissection,Calot Triangle Dissection,False,7
2197,Phase Recognition,Clipping Cutting,Clipping Cutting,False,7
2198,Phase Recognition,Gallbladder Dissection,Calot Triangle Dissection,False,7
2199,Phase Recognition,Cleaning Coagulation,Cleaning Coagulation,False,7
2200,Phase Recognition,Gallbladder Dissection,Gallbladder Dissection,False,7
2201,Phase Recognition,Clipping Cutting,Calot Triangle Dissection,False,7
2202,Phase Recognition,The phase underway is Preparation.,Preparation,False,7
2203,Phase Recognition,The current phase is Clipping Cutting.,Gallbladder Dissection,False,7
2204,Phase Recognition,Calot Triangle Dissection,Calot Triangle Dissection,False,7
2205,Phase Recognition,Gallbladder Dissection,Calot Triangle Dissection,False,7
2206,Phase Recognition,It captures the Gallbladder Dissection phase.,Gallbladder Dissection,False,7
2207,Phase Recognition,Clipping Cutting,Clipping Cutting,False,7
2208,Phase Recognition,Calot Triangle Dissection,Calot Triangle Dissection,False,7
2209,Phase Recognition,Gallbladder Dissection,Calot Triangle Dissection,False,7
2210,Phase Recognition,"{""answer"": ""B. Calot Triangle Dissection""}",Clipping Cutting,False,7
2211,Phase Recognition,Gallbladder Dissection,Gallbladder Dissection,False,7
2212,Phase Recognition,Calot Triangle Dissection,Calot Triangle Dissection,False,7
2213,Phase Recognition,The phase is Preparation.,Gallbladder Retraction,False,7
2214,Phase Recognition,Gallbladder Retraction,Gallbladder Retraction,False,7
2215,Phase Recognition,Calot Triangle Dissection,Calot Triangle Dissection,False,7
2216,Phase Recognition,Preparation,Calot Triangle Dissection,False,7
2217,Phase Recognition,Clipping Cutting,Gallbladder Dissection,False,7
2218,Phase Recognition,"{""answer"": ""B. Calot Triangle Dissection""}",Clipping Cutting,False,7
2219,Phase Recognition,Gallbladder Dissection,Gallbladder Dissection,False,7
2220,Phase Recognition,Gallbladder Dissection,Gallbladder Dissection,False,7
2221,Phase Recognition,"{""answer"": ""C. Clipping Cutting""}",Clipping Cutting,False,7
2222,Phase Recognition,"{""answer"": ""A. Preparation""}",Clipping Cutting,False,7
2223,Phase Recognition,Gallbladder Dissection,Gallbladder Dissection,False,7
2224,Phase Recognition,Calot Triangle Dissection,Gallbladder Dissection,False,7
2225,Phase Recognition,The indicated phase is Gallbladder Packaging.,Gallbladder Retraction,False,7
2226,Phase Recognition,"{""answer"": ""D. Gallbladder Dissection""}",Clipping Cutting,False,7
2227,Phase Recognition,Calot Triangle Dissection,Calot Triangle Dissection,False,7
2228,Phase Recognition,Gallbladder Dissection,Gallbladder Dissection,False,7
2229,Phase Recognition,The image shows the Gallbladder Dissection phase.,Gallbladder Dissection,False,7
2230,Phase Recognition,Calot Triangle Dissection,Calot Triangle Dissection,False,7
2231,Phase Recognition,Calot Triangle Dissection,Calot Triangle Dissection,False,7
2232,Phase Recognition,"{""answer"": ""D. Gallbladder Dissection""}",Clipping Cutting,False,7
2233,Phase Recognition,Gallbladder Dissection,Gallbladder Dissection,False,7
2234,Phase Recognition,"{""answer"": ""D. Gallbladder Dissection""}",Clipping Cutting,False,7
2235,Phase Recognition,"## Surgical Answers
(1) The stage is Preparation.",Gallbladder Dissection,False,7
2236,Phase Recognition,This is the Gallbladder Dissection phase.,Gallbladder Dissection,False,7
2237,Phase Recognition,"{""answer"": ""D. Gallbladder Dissection""}",Clipping Cutting,False,7
2238,Phase Recognition,Calot Triangle Dissection,Calot Triangle Dissection,False,7
2239,Phase Recognition,"## Surgical Answers
(1) The phase is Preparation.",Gallbladder Dissection,False,7
2240,Phase Recognition,The phase in this image is Gallbladder Dissection.,Gallbladder Dissection,False,7
2241,Phase Recognition,Clipping Cutting,Clipping Cutting,False,7
2242,Phase Recognition,Calot Triangle Dissection,Calot Triangle Dissection,False,7
2243,Phase Recognition,Calot Triangle Dissection,Calot Triangle Dissection,False,7
2244,Phase Recognition,Gallbladder Retraction,Gallbladder Retraction,False,7
2245,Phase Recognition,"{""answer"": ""D. Gallbladder Dissection""}",Clipping Cutting,False,7
2246,Phase Recognition,"{""answer"": ""D. Gallbladder Dissection""}",Clipping Cutting,False,7
2247,Phase Recognition,Calot Triangle Dissection,Calot Triangle Dissection,False,7
2248,Phase Recognition,Gallbladder Dissection,Clipping Cutting,False,7
2249,Phase Recognition,The reflected phase is Calot Triangle Dissection.,Gallbladder Dissection,False,7
2250,Phase Recognition,Calot Triangle Dissection,Calot Triangle Dissection,False,7
2251,Phase Recognition,Calot Triangle Dissection,Calot Triangle Dissection,False,7
2252,Phase Recognition,The depicted phase is Gallbladder Dissection.,Preparation,False,7
2253,Phase Recognition,"{""answer"": ""E. Gallbladder Packaging""}",Clipping Cutting,False,7
2254,Phase Recognition,Gallbladder Dissection,Gallbladder Dissection,False,7
2255,Phase Recognition,Gallbladder Dissection,Gallbladder Dissection,False,7
2256,Phase Recognition,The phase depicted is Cleaning Coagulation.,Preparation,False,7
2257,Phase Recognition,The identified phase is Gallbladder Dissection.,Gallbladder Dissection,False,7
2258,Phase Recognition,Gallbladder Dissection,Gallbladder Dissection,False,7
2259,Phase Recognition,"{""answer"": ""D. Gallbladder Dissection""}",Clipping Cutting,False,7
2260,Phase Recognition,Gallbladder Dissection,Gallbladder Dissection,False,7
2261,Phase Recognition,Calot Triangle Dissection,Calot Triangle Dissection,False,7
2262,Phase Recognition,"{""answer"": ""B. Calot Triangle Dissection""}",Clipping Cutting,False,7
2263,Phase Recognition,Gallbladder Retraction,Gallbladder Retraction,False,7
2264,Phase Recognition,"{""answer"": ""D. Gallbladder Dissection""}",Clipping Cutting,False,7
2265,Phase Recognition,Clipping Cutting,Clipping Cutting,False,7
2266,Phase Recognition,Calot Triangle Dissection,Clipping Cutting,False,7
2267,Phase Recognition,Gallbladder Dissection,Calot Triangle Dissection,False,7
2268,Phase Recognition,"{""answer"": ""D. Gallbladder Dissection""}",Clipping Cutting,False,7
2269,Phase Recognition,"{""answer"": ""D. Gallbladder Dissection""}",Clipping Cutting,False,7
2270,Phase Recognition,Calot Triangle Dissection,Calot Triangle Dissection,False,7
2271,Phase Recognition,The phase illustrated is Calot Triangle Dissection.,Gallbladder Dissection,False,7
2272,Phase Recognition,The phase illustrated is Preparation.,Calot Triangle Dissection,False,7
2273,Phase Recognition,Gallbladder Dissection,Calot Triangle Dissection,False,7
2274,Phase Recognition,Gallbladder Dissection,Calot Triangle Dissection,False,7
2275,Phase Recognition,The phase is Calot Triangle Dissection.,Gallbladder Dissection,False,7
2276,Phase Recognition,Preparation,Calot Triangle Dissection,False,7
2277,Phase Recognition,"## Surgical Answers
(1) The phase is Gallbladder Dissection.",Gallbladder Dissection,False,7
2278,Phase Recognition,Calot Triangle Dissection,Calot Triangle Dissection,False,7
2279,Phase Recognition,Preparation,Preparation,False,7
2280,Phase Recognition,Gallbladder Dissection,Calot Triangle Dissection,False,7
2281,Phase Recognition,It's classified as the Gallbladder Dissection phase.,Calot Triangle Dissection,False,7
2282,Phase Recognition,Gallbladder Dissection,Clipping Cutting,False,7
2283,Phase Recognition,This is the Calot Triangle Dissection phase.,Gallbladder Dissection,False,7
2284,Phase Recognition,Calot Triangle Dissection,Calot Triangle Dissection,False,7
2285,Phase Recognition,"{""answer"": ""A. Preparation""}",Clipping Cutting,False,7
2286,Phase Recognition,Cleaning Coagulation,Cleaning Coagulation,False,7
2287,Phase Recognition,Cleaning Coagulation,Cleaning Coagulation,False,7
2288,Phase Recognition,Calot Triangle Dissection,Calot Triangle Dissection,False,7
2289,Phase Recognition,Calot Triangle Dissection,Calot Triangle Dissection,False,7
2290,Phase Recognition,Calot Triangle Dissection,Calot Triangle Dissection,False,7
2291,Phase Recognition,Gallbladder Dissection,Gallbladder Dissection,False,7
2292,Phase Recognition,Gallbladder Dissection,Calot Triangle Dissection,False,7
2293,Phase Recognition,Gallbladder Dissection,Gallbladder Dissection,False,7
2294,Phase Recognition,Calot Triangle Dissection,Calot Triangle Dissection,False,7
2295,Phase Recognition,Calot Triangle Dissection,Calot Triangle Dissection,False,7
2296,Phase Recognition,"## Surgical Answers
(1) The identified phase is Preparation.",Preparation,False,7
2297,Phase Recognition,"{""answer"": ""A. Preparation""}",Clipping Cutting,False,7
2298,Phase Recognition,This is the Gallbladder Dissection phase.,Gallbladder Dissection,False,7
2299,Phase Recognition,Gallbladder Packaging,Gallbladder Packaging,False,7
2300,Phase Recognition,Gallbladder Dissection,Gallbladder Dissection,False,7
2301,Phase Recognition,Cleaning Coagulation,Cleaning Coagulation,False,7
2302,Phase Recognition,Calot Triangle Dissection,Calot Triangle Dissection,False,7
2303,Phase Recognition,Calot Triangle Dissection,Calot Triangle Dissection,False,7
2304,Phase Recognition,Gallbladder Dissection,Calot Triangle Dissection,False,7
2305,Phase Recognition,"{""answer"": ""D. Gallbladder Dissection""}",Clipping Cutting,False,7
2306,Phase Recognition,Gallbladder Dissection,Calot Triangle Dissection,False,7
2307,Phase Recognition,"{""answer"": ""B. Calot Triangle Dissection""}",Clipping Cutting,False,7
2308,Phase Recognition,Calot Triangle Dissection,Calot Triangle Dissection,False,7
2309,Phase Recognition,Gallbladder Dissection,Calot Triangle Dissection,False,7
2310,Phase Recognition,Gallbladder Dissection,Gallbladder Dissection,False,7
2311,Phase Recognition,Clipping Cutting,Calot Triangle Dissection,False,7
2312,Phase Recognition,The phase is identified as Clipping Cutting.,Gallbladder Dissection,False,7
2313,Phase Recognition,Gallbladder Retraction,Gallbladder Retraction,False,7
2314,Phase Recognition,Gallbladder Dissection,Calot Triangle Dissection,False,7
2315,Phase Recognition,Calot Triangle Dissection,Calot Triangle Dissection,False,7
2316,Phase Recognition,"{""answer"": ""B. Calot Triangle Dissection""}",Clipping Cutting,False,7
2317,Phase Recognition,Calot Triangle Dissection,Calot Triangle Dissection,False,7
2318,Phase Recognition,"{""answer"": ""B. Calot Triangle Dissection""}",Clipping Cutting,False,7
2319,Phase Recognition,The phase represented is Gallbladder Dissection.,Gallbladder Dissection,False,7
2320,Phase Recognition,Calot Triangle Dissection,Calot Triangle Dissection,False,7
2321,Phase Recognition,Calot Triangle Dissection,Gallbladder Dissection,False,7
2322,Phase Recognition,The depicted phase is Calot Triangle Dissection.,Preparation,False,7
2323,Phase Recognition,The visible phase is Calot Triangle Dissection.,Gallbladder Dissection,False,7
2324,Phase Recognition,Calot Triangle Dissection,Clipping Cutting,False,7
2325,Phase Recognition,Preparation,Preparation,False,7
2326,Phase Recognition,Gallbladder Dissection,Gallbladder Dissection,False,7
2327,Phase Recognition,Gallbladder Dissection,Gallbladder Dissection,False,7
2328,Phase Recognition,It's the Gallbladder Dissection phase.,Gallbladder Dissection,False,7
2329,Phase Recognition,Clipping Cutting,Clipping Cutting,False,7
2330,Phase Recognition,"{""answer"": ""D. Gallbladder Dissection""}",Clipping Cutting,False,7
2331,Phase Recognition,Calot Triangle Dissection,Calot Triangle Dissection,False,7
2332,Phase Recognition,Gallbladder Dissection,Calot Triangle Dissection,False,7
2333,Phase Recognition,Calot Triangle Dissection,Calot Triangle Dissection,False,7
2334,Phase Recognition,"{""answer"": ""B. Calot Triangle Dissection""}",Clipping Cutting,False,7
2335,Phase Recognition,Calot Triangle Dissection,Calot Triangle Dissection,False,7
2336,Phase Recognition,Calot Triangle Dissection,Calot Triangle Dissection,False,7
2337,Phase Recognition,"## Surgical Answers
(1) It illustrates the Gallbladder Dissection phase.",Gallbladder Dissection,False,7
2338,Phase Recognition,"{""answer"": ""B. Calot Triangle Dissection""}",Clipping Cutting,False,7
2339,Phase Recognition,Calot Triangle Dissection,Calot Triangle Dissection,False,7
2340,Phase Recognition,The current phase is Gallbladder Dissection.,Calot Triangle Dissection,False,7
2341,Phase Recognition,Calot Triangle Dissection,Calot Triangle Dissection,False,7
2342,Phase Recognition,Calot Triangle Dissection,Calot Triangle Dissection,False,7
2343,Phase Recognition,"{""answer"": ""A. Preparation""}",Clipping Cutting,False,7
2344,Phase Recognition,"{""answer"": ""D. Gallbladder Dissection""}",Clipping Cutting,False,7
2345,Phase Recognition,Gallbladder Dissection,Calot Triangle Dissection,False,7
2346,Phase Recognition,The phase represented is Gallbladder Dissection.,Gallbladder Dissection,False,7
2347,Phase Recognition,"{""answer"": ""B. Calot Triangle Dissection""}",Clipping Cutting,False,7
2348,Phase Recognition,Gallbladder Dissection,Calot Triangle Dissection,False,7
2349,Phase Recognition,"{""answer"": ""B. Calot Triangle Dissection""}",Clipping Cutting,False,7
2350,Phase Recognition,Calot Triangle Dissection,Calot Triangle Dissection,False,7
2351,Phase Recognition,The identified phase is Preparation.,Gallbladder Dissection,False,7
2352,Phase Recognition,Gallbladder Dissection,Gallbladder Dissection,False,7
2353,Phase Recognition,Calot Triangle Dissection,Calot Triangle Dissection,False,7
2354,Phase Recognition,The surgical phase is Gallbladder Packaging.,Gallbladder Packaging,False,7
2355,Phase Recognition,Calot Triangle Dissection,Clipping Cutting,False,7
2356,Phase Recognition,Calot Triangle Dissection,Calot Triangle Dissection,False,7
2357,Phase Recognition,Calot Triangle Dissection,Calot Triangle Dissection,False,7
2358,Phase Recognition,"{""answer"": ""B. Calot Triangle Dissection""}",Clipping Cutting,False,7
2359,Phase Recognition,Gallbladder Dissection,Calot Triangle Dissection,False,7
2360,Phase Recognition,"{""answer"": ""B. Calot Triangle Dissection""}",Clipping Cutting,False,7
2361,Phase Recognition,The phase observed is Gallbladder Dissection.,Gallbladder Dissection,False,7
2362,Phase Recognition,"## Surgical Answers
(1) The phase observed is Preparation.",Gallbladder Retraction,False,7
2363,Phase Recognition,It shows the Gallbladder Dissection phase.,Gallbladder Dissection,False,7
2364,Phase Recognition,"{""answer"": ""D. Gallbladder Dissection""}",Clipping Cutting,False,7
2365,Phase Recognition,Gallbladder Dissection,Gallbladder Dissection,False,7
2366,Phase Recognition,The reflected phase is Calot Triangle Dissection.,Gallbladder Dissection,False,7
2367,Phase Recognition,The phase shown is Calot Triangle Dissection.,Gallbladder Dissection,False,7
2368,Phase Recognition,Gallbladder Dissection,Calot Triangle Dissection,False,7
2369,Phase Recognition,Calot Triangle Dissection,Calot Triangle Dissection,False,7
2370,Phase Recognition,Gallbladder Packaging,Gallbladder Packaging,False,7
2371,Phase Recognition,Calot Triangle Dissection,Calot Triangle Dissection,False,7
2372,Phase Recognition,The depicted phase is Calot Triangle Dissection.,Preparation,False,7
2373,Phase Recognition,It illustrates the Gallbladder Dissection phase.,Gallbladder Dissection,False,7
2374,Phase Recognition,Calot Triangle Dissection,Calot Triangle Dissection,False,7
2375,Phase Recognition,Calot Triangle Dissection,Calot Triangle Dissection,False,7
2376,Phase Recognition,Calot Triangle Dissection,Calot Triangle Dissection,False,7
2377,Phase Recognition,It's showing the Clipping Cutting phase.,Clipping Cutting,False,7
2378,Phase Recognition,"{""answer"": ""D. Gallbladder Dissection""}",Clipping Cutting,False,7
2379,Phase Recognition,Gallbladder Dissection,Clipping Cutting,False,7
2380,Phase Recognition,Cleaning Coagulation,Gallbladder Dissection,False,7
2381,Phase Recognition,Gallbladder Dissection,Gallbladder Dissection,False,7
2382,Phase Recognition,Calot Triangle Dissection,Calot Triangle Dissection,False,7
2383,Phase Recognition,Calot Triangle Dissection,Calot Triangle Dissection,False,7
2384,Phase Recognition,Gallbladder Dissection,Calot Triangle Dissection,False,7
2385,Phase Recognition,"{""answer"": ""B. Calot Triangle Dissection""}",Clipping Cutting,False,7
2386,Phase Recognition,Calot Triangle Dissection,Calot Triangle Dissection,False,7
2387,Phase Recognition,Gallbladder Dissection,Gallbladder Dissection,False,7
2388,Phase Recognition,Calot Triangle Dissection,Calot Triangle Dissection,False,7
2389,Phase Recognition,Calot Triangle Dissection,Calot Triangle Dissection,False,7
2390,Phase Recognition,Calot Triangle Dissection,Calot Triangle Dissection,False,7
2391,Phase Recognition,Cleaning Coagulation,Gallbladder Retraction,False,7
2392,Phase Recognition,Cleaning Coagulation,Cleaning Coagulation,False,7
2393,Phase Recognition,Calot Triangle Dissection,Calot Triangle Dissection,False,7
2394,Phase Recognition,The phase underway is Gallbladder Dissection.,Preparation,False,7
2395,Phase Recognition,Gallbladder Dissection,Gallbladder Dissection,False,7
2396,Phase Recognition,"{""answer"": ""D. Gallbladder Dissection""}",Clipping Cutting,False,7
2397,Phase Recognition,Clipping Cutting,Clipping Cutting,False,7
2398,Phase Recognition,Calot Triangle Dissection,Calot Triangle Dissection,False,7
2399,Phase Recognition,Cleaning Coagulation,Gallbladder Dissection,False,7
2400,Tissue and Organ Recognition,gallbladder,gallbladder,True,15
2401,Tissue and Organ Recognition,gallbladder,gallbladder,True,15
2402,Tissue and Organ Recognition,"gallbladder, cystic artery",gallbladder,True,15
2403,Tissue and Organ Recognition,liver,liver,True,15
2404,Tissue and Organ Recognition,specimen bag,gallbladder,False,15
2405,Tissue and Organ Recognition,gallbladder,gallbladder,True,15
2406,Tissue and Organ Recognition,gallbladder,gallbladder,True,15
2407,Tissue and Organ Recognition,gallbladder,gallbladder,True,15
2408,Tissue and Organ Recognition,gallbladder,gallbladder,True,15
2409,Tissue and Organ Recognition,gallbladder,gallbladder,True,15
2410,Tissue and Organ Recognition,gallbladder,gallbladder,True,15
2411,Tissue and Organ Recognition,"specimen bag, gallbladder",gallbladder,True,15
2412,Tissue and Organ Recognition,gallbladder,gallbladder,True,15
2413,Tissue and Organ Recognition,gallbladder,gallbladder,True,15
2414,Tissue and Organ Recognition,"gallbladder, cystic duct",gallbladder,True,15
2415,Tissue and Organ Recognition,gallbladder,gallbladder,True,15
2416,Tissue and Organ Recognition,gallbladder,gallbladder,True,15
2417,Tissue and Organ Recognition,gallbladder,gallbladder,True,15
2418,Tissue and Organ Recognition,"gallbladder, cystic artery",gallbladder,True,15
2419,Tissue and Organ Recognition,cystic duct,gallbladder,False,15
2420,Tissue and Organ Recognition,"gallbladder, cystic duct",gallbladder,True,15
2421,Tissue and Organ Recognition,gallbladder,gallbladder,True,15
2422,Tissue and Organ Recognition,specimen bag,fluid,False,15
2423,Tissue and Organ Recognition,gallbladder,gallbladder,True,15
2424,Tissue and Organ Recognition,gallbladder,gallbladder,True,15
2425,Tissue and Organ Recognition,gallbladder,gallbladder,True,15
2426,Tissue and Organ Recognition,liver,liver,True,15
2427,Tissue and Organ Recognition,gallbladder,gallbladder,True,15
2428,Tissue and Organ Recognition,"gallbladder, cystic artery",gallbladder,True,15
2429,Tissue and Organ Recognition,"gallbladder, cystic duct",gallbladder,True,15
2430,Tissue and Organ Recognition,gallbladder,gallbladder,True,15
2431,Tissue and Organ Recognition,gallbladder,gallbladder,True,15
2432,Tissue and Organ Recognition,"gallbladder, cystic duct",gallbladder,True,15
2433,Tissue and Organ Recognition,gallbladder,gallbladder,True,15
2434,Tissue and Organ Recognition,"liver, gallbladder",liver,True,15
2435,Tissue and Organ Recognition,gallbladder,gallbladder,True,15
2436,Tissue and Organ Recognition,gallbladder,gallbladder,True,15
2437,Tissue and Organ Recognition,gallbladder,gallbladder,True,15
2438,Tissue and Organ Recognition,"gallbladder, cystic duct",gallbladder,True,15
2439,Tissue and Organ Recognition,gallbladder,liver,False,15
2440,Tissue and Organ Recognition,gallbladder,gallbladder,True,15
2441,Tissue and Organ Recognition,gallbladder,gallbladder,True,15
2442,Tissue and Organ Recognition,gallbladder,gallbladder,True,15
2443,Tissue and Organ Recognition,gallbladder,liver,False,15
2444,Tissue and Organ Recognition,gallbladder,gallbladder,True,15
2445,Tissue and Organ Recognition,gallbladder,gallbladder,True,15
2446,Tissue and Organ Recognition,"liver, fluid",fluid,True,15
2447,Tissue and Organ Recognition,"gallbladder, cystic duct",gallbladder,True,15
2448,Tissue and Organ Recognition,"gallbladder, cystic artery",gallbladder,True,15
2449,Tissue and Organ Recognition,gallbladder,gallbladder,True,15
2450,Tissue and Organ Recognition,gallbladder,gallbladder,True,15
2451,Tissue and Organ Recognition,gallbladder,gallbladder,True,15
2452,Tissue and Organ Recognition,gallbladder,gallbladder,True,15
2453,Tissue and Organ Recognition,null target,gallbladder,False,15
2454,Tissue and Organ Recognition,cystic artery,gallbladder,False,15
2455,Tissue and Organ Recognition,gallbladder,gallbladder,True,15
2456,Tissue and Organ Recognition,gallbladder,gallbladder,True,15
2457,Tissue and Organ Recognition,"gallbladder, fluid",gallbladder,True,15
2458,Tissue and Organ Recognition,null target,gallbladder,False,15
2459,Tissue and Organ Recognition,gallbladder,gallbladder,True,15
2460,Tissue and Organ Recognition,gallbladder,gallbladder,True,15
2461,Tissue and Organ Recognition,gallbladder,gallbladder,True,15
2462,Tissue and Organ Recognition,cystic plate,gallbladder,False,15
2463,Tissue and Organ Recognition,gallbladder,gallbladder,True,15
2464,Tissue and Organ Recognition,cystic duct,gallbladder,False,15
2465,Tissue and Organ Recognition,gallbladder,gallbladder,True,15
2466,Tissue and Organ Recognition,gallbladder,liver,False,15
2467,Tissue and Organ Recognition,"gallbladder, cystic duct",gallbladder,True,15
2468,Tissue and Organ Recognition,"gallbladder, cystic artery",gallbladder,True,15
2469,Tissue and Organ Recognition,gallbladder,gallbladder,True,15
2470,Tissue and Organ Recognition,"gallbladder, cystic duct",gallbladder,True,15
2471,Tissue and Organ Recognition,gallbladder,gallbladder,True,15
2472,Tissue and Organ Recognition,gallbladder,gallbladder,True,15
2473,Tissue and Organ Recognition,liver,gallbladder,False,15
2474,Tissue and Organ Recognition,gallbladder,gallbladder,True,15
2475,Tissue and Organ Recognition,gallbladder,gallbladder,True,15
2476,Tissue and Organ Recognition,"gallbladder, cystic artery",gallbladder,True,15
2477,Tissue and Organ Recognition,gallbladder,gallbladder,True,15
2478,Tissue and Organ Recognition,null target,gallbladder,False,15
2479,Tissue and Organ Recognition,gallbladder,gallbladder,True,15
2480,Tissue and Organ Recognition,gallbladder,gallbladder,True,15
2481,Tissue and Organ Recognition,gallbladder,gallbladder,True,15
2482,Tissue and Organ Recognition,gallbladder,gallbladder,True,15
2483,Tissue and Organ Recognition,gallbladder,gallbladder,True,15
2484,Tissue and Organ Recognition,liver,liver,True,15
2485,Tissue and Organ Recognition,gallbladder,gallbladder,True,15
2486,Tissue and Organ Recognition,gallbladder,gallbladder,True,15
2487,Tissue and Organ Recognition,specimen bag,gallbladder,False,15
2488,Tissue and Organ Recognition,gallbladder,gallbladder,True,15
2489,Tissue and Organ Recognition,gallbladder,gallbladder,True,15
2490,Tissue and Organ Recognition,gallbladder,gallbladder,True,15
2491,Tissue and Organ Recognition,gallbladder,gallbladder,True,15
2492,Tissue and Organ Recognition,gallbladder,gallbladder,True,15
2493,Tissue and Organ Recognition,liver,liver,True,15
2494,Tissue and Organ Recognition,gallbladder,gallbladder,True,15
2495,Tissue and Organ Recognition,cystic duct,gallbladder,False,15
2496,Tissue and Organ Recognition,specimen bag,gallbladder,False,15
2497,Tissue and Organ Recognition,specimen bag,gallbladder,False,15
2498,Tissue and Organ Recognition,liver,liver,True,15
2499,Tissue and Organ Recognition,gallbladder,gallbladder,True,15
2500,Tissue and Organ Recognition,"liver, gallbladder",gallbladder,True,15
2501,Tissue and Organ Recognition,gallbladder,gallbladder,True,15
2502,Tissue and Organ Recognition,gallbladder,gallbladder,True,15
2503,Tissue and Organ Recognition,gallbladder,gallbladder,True,15
2504,Tissue and Organ Recognition,specimen bag,gallbladder,False,15
2505,Tissue and Organ Recognition,gallbladder,gallbladder,True,15
2506,Tissue and Organ Recognition,"gallbladder, cystic duct",gallbladder,True,15
2507,Tissue and Organ Recognition,gallbladder,gallbladder,True,15
2508,Tissue and Organ Recognition,gallbladder,gallbladder,True,15
2509,Tissue and Organ Recognition,gallbladder,gallbladder,True,15
2510,Tissue and Organ Recognition,gallbladder,gallbladder,True,15
2511,Tissue and Organ Recognition,cystic duct,gallbladder,False,15
2512,Tissue and Organ Recognition,gallbladder,gallbladder,True,15
2513,Tissue and Organ Recognition,gallbladder,gallbladder,True,15
2514,Tissue and Organ Recognition,specimen bag,liver,False,15
2515,Tissue and Organ Recognition,gallbladder,gallbladder,True,15
2516,Tissue and Organ Recognition,gallbladder,gallbladder,True,15
2517,Tissue and Organ Recognition,gallbladder,gallbladder,True,15
2518,Tissue and Organ Recognition,gallbladder,gallbladder,True,15
2519,Tissue and Organ Recognition,gallbladder,gallbladder,True,15
2520,Tissue and Organ Recognition,null target,liver,False,15
2521,Tissue and Organ Recognition,gallbladder,gallbladder,True,15
2522,Tissue and Organ Recognition,gallbladder,gallbladder,True,15
2523,Tissue and Organ Recognition,gallbladder,gallbladder,True,15
2524,Tissue and Organ Recognition,gallbladder,gallbladder,True,15
2525,Tissue and Organ Recognition,gallbladder,gallbladder,True,15
2526,Tissue and Organ Recognition,gallbladder,gallbladder,True,15
2527,Tissue and Organ Recognition,gallbladder,gallbladder,True,15
2528,Tissue and Organ Recognition,gallbladder,gallbladder,True,15
2529,Tissue and Organ Recognition,gallbladder,gallbladder,True,15
2530,Tissue and Organ Recognition,"gallbladder, cystic duct",gallbladder,True,15
2531,Tissue and Organ Recognition,specimen bag,gallbladder,False,15
2532,Tissue and Organ Recognition,"gallbladder, cystic duct",gallbladder,True,15
2533,Tissue and Organ Recognition,"gallbladder, cystic duct",gallbladder,True,15
2534,Tissue and Organ Recognition,omentum,gallbladder,False,15
2535,Tissue and Organ Recognition,"liver, gallbladder",liver,True,15
2536,Tissue and Organ Recognition,"gallbladder, cystic duct",gallbladder,True,15
2537,Tissue and Organ Recognition,gallbladder,gallbladder,True,15
2538,Tissue and Organ Recognition,gallbladder,gallbladder,True,15
2539,Tissue and Organ Recognition,specimen bag,gallbladder,False,15
2540,Tissue and Organ Recognition,gallbladder,gallbladder,True,15
2541,Tissue and Organ Recognition,specimen bag,gallbladder,False,15
2542,Tissue and Organ Recognition,gallbladder,gallbladder,True,15
2543,Tissue and Organ Recognition,gallbladder,gallbladder,True,15
2544,Tissue and Organ Recognition,gallbladder,gallbladder,True,15
2545,Tissue and Organ Recognition,gallbladder,gallbladder,True,15
2546,Tissue and Organ Recognition,gallbladder,gallbladder,True,15
2547,Tissue and Organ Recognition,gallbladder,gallbladder,True,15
2548,Tissue and Organ Recognition,gallbladder,gallbladder,True,15
2549,Tissue and Organ Recognition,"gallbladder, cystic duct",gallbladder,True,15
2550,Tissue and Organ Recognition,omentum,gallbladder,False,15
2551,Tissue and Organ Recognition,cystic plate,gallbladder,False,15
2552,Tissue and Organ Recognition,gallbladder,gallbladder,True,15
2553,Tissue and Organ Recognition,gallbladder,gallbladder,True,15
2554,Tissue and Organ Recognition,"liver, gallbladder",liver,True,15
2555,Tissue and Organ Recognition,"gallbladder, cystic duct",gallbladder,True,15
2556,Tissue and Organ Recognition,gallbladder,gallbladder,True,15
2557,Tissue and Organ Recognition,gallbladder,gallbladder,True,15
2558,Tissue and Organ Recognition,gallbladder,gallbladder,True,15
2559,Tissue and Organ Recognition,"gallbladder, cystic duct",gallbladder,True,15
2560,Tissue and Organ Recognition,gallbladder,gallbladder,True,15
2561,Tissue and Organ Recognition,gallbladder,gallbladder,True,15
2562,Tissue and Organ Recognition,gallbladder,gallbladder,True,15
2563,Tissue and Organ Recognition,gallbladder,gallbladder,True,15
2564,Tissue and Organ Recognition,"gallbladder, cystic duct",gallbladder,True,15
2565,Tissue and Organ Recognition,"gallbladder, cystic duct",gallbladder,True,15
2566,Tissue and Organ Recognition,gallbladder,gallbladder,True,15
2567,Tissue and Organ Recognition,"gallbladder, cystic artery",gallbladder,True,15
2568,Tissue and Organ Recognition,gallbladder,gallbladder,True,15
2569,Tissue and Organ Recognition,fluid,gallbladder,False,15
2570,Tissue and Organ Recognition,gallbladder,gallbladder,True,15
2571,Tissue and Organ Recognition,gallbladder,gallbladder,True,15
2572,Tissue and Organ Recognition,gallbladder,gallbladder,True,15
2573,Tissue and Organ Recognition,"gallbladder, cystic artery",gallbladder,True,15
2574,Tissue and Organ Recognition,null target,gallbladder,False,15
2575,Tissue and Organ Recognition,gallbladder,gallbladder,True,15
2576,Tissue and Organ Recognition,null target,liver,False,15
2577,Tissue and Organ Recognition,gallbladder,gallbladder,True,15
2578,Tissue and Organ Recognition,"gallbladder, cystic duct",gallbladder,True,15
2579,Tissue and Organ Recognition,gallbladder,gallbladder,True,15
2580,Tissue and Organ Recognition,"liver, gallbladder",gallbladder,True,15
2581,Tissue and Organ Recognition,"gallbladder, cystic artery",gallbladder,True,15
2582,Tissue and Organ Recognition,gallbladder,gallbladder,True,15
2583,Tissue and Organ Recognition,gallbladder,gallbladder,True,15
2584,Tissue and Organ Recognition,"gallbladder, cystic duct",gallbladder,True,15
2585,Tissue and Organ Recognition,specimen bag,gallbladder,False,15
2586,Tissue and Organ Recognition,gallbladder,gallbladder,True,15
2587,Tissue and Organ Recognition,gallbladder,gallbladder,True,15
2588,Tissue and Organ Recognition,cystic duct,gallbladder,False,15
2589,Tissue and Organ Recognition,gallbladder,gallbladder,True,15
2590,Tissue and Organ Recognition,cystic artery,gallbladder,False,15
2591,Tissue and Organ Recognition,gallbladder,gallbladder,True,15
2592,Tissue and Organ Recognition,liver,liver,True,15
2593,Tissue and Organ Recognition,gallbladder,gallbladder,True,15
2594,Tissue and Organ Recognition,gallbladder,gallbladder,True,15
2595,Tissue and Organ Recognition,gallbladder,gallbladder,True,15
2596,Tissue and Organ Recognition,"gallbladder, cystic artery",gallbladder,True,15
2597,Tissue and Organ Recognition,gallbladder,gallbladder,True,15
2598,Tissue and Organ Recognition,gallbladder,gallbladder,True,15
2599,Tissue and Organ Recognition,gallbladder,gallbladder,True,15
2600,Tissue and Organ Recognition,gallbladder,gallbladder,True,15
2601,Tissue and Organ Recognition,gallbladder,gallbladder,True,15
2602,Tissue and Organ Recognition,"gallbladder, cystic duct",gallbladder,True,15
2603,Tissue and Organ Recognition,gallbladder,gallbladder,True,15
2604,Tissue and Organ Recognition,gallbladder,gallbladder,True,15
2605,Tissue and Organ Recognition,gallbladder,gallbladder,True,15
2606,Tissue and Organ Recognition,gallbladder,gallbladder,True,15
2607,Tissue and Organ Recognition,"liver, gallbladder",liver,True,15
2608,Tissue and Organ Recognition,specimen bag,gallbladder,False,15
2609,Tissue and Organ Recognition,"gallbladder, cystic duct",gallbladder,True,15
2610,Tissue and Organ Recognition,gallbladder,gallbladder,True,15
2611,Tissue and Organ Recognition,specimen bag,gallbladder,False,15
2612,Tissue and Organ Recognition,cystic duct,gallbladder,False,15
2613,Tissue and Organ Recognition,"gallbladder, liver",gallbladder,True,15
2614,Tissue and Organ Recognition,"gallbladder, cystic duct",gallbladder,True,15
2615,Tissue and Organ Recognition,gallbladder,gallbladder,True,15
2616,Tissue and Organ Recognition,liver,liver,True,15
2617,Tissue and Organ Recognition,gallbladder,gallbladder,True,15
2618,Tissue and Organ Recognition,gallbladder,gallbladder,True,15
2619,Tissue and Organ Recognition,gallbladder,gallbladder,True,15
2620,Tissue and Organ Recognition,gallbladder,gallbladder,True,15
2621,Tissue and Organ Recognition,gallbladder,gallbladder,True,15
2622,Tissue and Organ Recognition,gallbladder,gallbladder,True,15
2623,Tissue and Organ Recognition,liver,liver,True,15
2624,Tissue and Organ Recognition,gallbladder,gallbladder,True,15
2625,Tissue and Organ Recognition,gallbladder,gallbladder,True,15
2626,Tissue and Organ Recognition,gallbladder,gallbladder,True,15
2627,Tissue and Organ Recognition,gallbladder,gallbladder,True,15
2628,Tissue and Organ Recognition,gallbladder,gallbladder,True,15
2629,Tissue and Organ Recognition,gallbladder,liver,False,15
2630,Tissue and Organ Recognition,fluid,liver,False,15
2631,Tissue and Organ Recognition,"gallbladder, cystic artery",gallbladder,True,15
2632,Tissue and Organ Recognition,gallbladder,liver,False,15
2633,Tissue and Organ Recognition,"gallbladder, cystic duct",gallbladder,True,15
2634,Tissue and Organ Recognition,specimen bag,gallbladder,False,15
2635,Tissue and Organ Recognition,gallbladder,gallbladder,True,15
2636,Tissue and Organ Recognition,liver,liver,True,15
2637,Tissue and Organ Recognition,gallbladder,gallbladder,True,15
2638,Tissue and Organ Recognition,gallbladder,gallbladder,True,15
2639,Tissue and Organ Recognition,gallbladder,gallbladder,True,15
2640,Tissue and Organ Recognition,omentum,gallbladder,False,15
2641,Tissue and Organ Recognition,gallbladder,gallbladder,True,15
2642,Tissue and Organ Recognition,liver,liver,True,15
2643,Tissue and Organ Recognition,gallbladder,gallbladder,True,15
2644,Tissue and Organ Recognition,gallbladder,gallbladder,True,15
2645,Tissue and Organ Recognition,gallbladder,gallbladder,True,15
2646,Tissue and Organ Recognition,gallbladder,gallbladder,True,15
2647,Tissue and Organ Recognition,fluid,gallbladder,False,15
2648,Tissue and Organ Recognition,"liver, gallbladder",liver,True,15
2649,Tissue and Organ Recognition,gallbladder,gallbladder,True,15
2650,Tissue and Organ Recognition,gallbladder,gallbladder,True,15
2651,Tissue and Organ Recognition,specimen bag,gallbladder,False,15
2652,Tissue and Organ Recognition,gallbladder,gallbladder,True,15
2653,Tissue and Organ Recognition,gallbladder,gallbladder,True,15
2654,Tissue and Organ Recognition,liver,liver,True,15
2655,Tissue and Organ Recognition,liver,liver,True,15
2656,Tissue and Organ Recognition,cystic plate,gallbladder,False,15
2657,Tissue and Organ Recognition,gallbladder,gallbladder,True,15
2658,Tissue and Organ Recognition,"gallbladder, fluid",gallbladder,True,15
2659,Tissue and Organ Recognition,gallbladder,gallbladder,True,15
2660,Tissue and Organ Recognition,gallbladder,gallbladder,True,15
2661,Tissue and Organ Recognition,"gallbladder, cystic duct",gallbladder,True,15
2662,Tissue and Organ Recognition,abdominal wall cavity,liver,False,15
2663,Tissue and Organ Recognition,gallbladder,gallbladder,True,15
2664,Tissue and Organ Recognition,gallbladder,gallbladder,True,15
2665,Tissue and Organ Recognition,gallbladder,gallbladder,True,15
2666,Tissue and Organ Recognition,gallbladder,gallbladder,True,15
2667,Tissue and Organ Recognition,"liver, gallbladder",gallbladder,True,15
2668,Tissue and Organ Recognition,gallbladder,gallbladder,True,15
2669,Tissue and Organ Recognition,"gallbladder, fluid",gallbladder,True,15
2670,Tissue and Organ Recognition,gallbladder,gallbladder,True,15
2671,Tissue and Organ Recognition,gallbladder,gallbladder,True,15
2672,Tissue and Organ Recognition,"gallbladder, cystic duct",gallbladder,True,15
2673,Tissue and Organ Recognition,gallbladder,gallbladder,True,15
2674,Tissue and Organ Recognition,abdominal wall cavity,liver,False,15
2675,Tissue and Organ Recognition,gallbladder,gallbladder,True,15
2676,Tissue and Organ Recognition,specimen bag,gallbladder,False,15
2677,Tissue and Organ Recognition,gallbladder,liver,False,15
2678,Tissue and Organ Recognition,"gallbladder, cystic duct",gallbladder,True,15
2679,Tissue and Organ Recognition,liver,liver,True,15
2680,Tissue and Organ Recognition,gallbladder,gallbladder,True,15
2681,Tissue and Organ Recognition,"gallbladder, cystic artery",gallbladder,True,15
2682,Tissue and Organ Recognition,specimen bag,gallbladder,False,15
2683,Tissue and Organ Recognition,omentum,gallbladder,False,15
2684,Tissue and Organ Recognition,gallbladder,gallbladder,True,15
2685,Tissue and Organ Recognition,gallbladder,gallbladder,True,15
2686,Tissue and Organ Recognition,gallbladder,gallbladder,True,15
2687,Tissue and Organ Recognition,"gallbladder, cystic artery",gallbladder,True,15
2688,Tissue and Organ Recognition,gallbladder,liver,False,15
2689,Tissue and Organ Recognition,fluid,gallbladder,False,15
2690,Tissue and Organ Recognition,gallbladder,gallbladder,True,15
2691,Tissue and Organ Recognition,gallbladder,gallbladder,True,15
2692,Tissue and Organ Recognition,gallbladder,gallbladder,True,15
2693,Tissue and Organ Recognition,gallbladder,gallbladder,True,15
2694,Tissue and Organ Recognition,cystic duct,gallbladder,False,15
2695,Tissue and Organ Recognition,cystic plate,gallbladder,False,15
2696,Tissue and Organ Recognition,gallbladder,gallbladder,True,15
2697,Tissue and Organ Recognition,gallbladder,gallbladder,True,15
2698,Tissue and Organ Recognition,gallbladder,gallbladder,True,15
2699,Tissue and Organ Recognition,gallbladder,gallbladder,True,15
2700,Tissue and Organ Recognition,gallbladder,liver,False,15
2701,Tissue and Organ Recognition,gallbladder,gallbladder,True,15
2702,Tissue and Organ Recognition,gallbladder,gallbladder,True,15
2703,Tissue and Organ Recognition,gallbladder,gallbladder,True,15
2704,Tissue and Organ Recognition,gallbladder,gallbladder,True,15
2705,Tissue and Organ Recognition,gallbladder,gallbladder,True,15
2706,Tissue and Organ Recognition,gallbladder,gallbladder,True,15
2707,Tissue and Organ Recognition,gallbladder,gallbladder,True,15
2708,Tissue and Organ Recognition,"gallbladder, cystic artery",gallbladder,True,15
2709,Tissue and Organ Recognition,gallbladder,gallbladder,True,15
2710,Tissue and Organ Recognition,gallbladder,gallbladder,True,15
2711,Tissue and Organ Recognition,"gallbladder, cystic duct",gallbladder,True,15
2712,Tissue and Organ Recognition,omentum,gallbladder,False,15
2713,Tissue and Organ Recognition,cystic artery,gallbladder,False,15
2714,Tissue and Organ Recognition,"liver, gallbladder",gallbladder,True,15
2715,Tissue and Organ Recognition,specimen bag,gallbladder,False,15
2716,Tissue and Organ Recognition,gallbladder,gallbladder,True,15
2717,Tissue and Organ Recognition,omentum,gallbladder,False,15
2718,Tissue and Organ Recognition,liver,liver,True,15
2719,Tissue and Organ Recognition,gallbladder,gallbladder,True,15
2720,Tissue and Organ Recognition,gallbladder,gallbladder,True,15
2721,Tissue and Organ Recognition,gallbladder,gallbladder,True,15
2722,Tissue and Organ Recognition,gallbladder,gallbladder,True,15
2723,Tissue and Organ Recognition,gallbladder,gallbladder,True,15
2724,Tissue and Organ Recognition,gallbladder,gallbladder,True,15
2725,Tissue and Organ Recognition,"gallbladder, cystic duct",gallbladder,True,15
2726,Tissue and Organ Recognition,"gallbladder, cystic duct",gallbladder,True,15
2727,Tissue and Organ Recognition,"gallbladder, cystic duct",gallbladder,True,15
2728,Tissue and Organ Recognition,"gallbladder, cystic duct",gallbladder,True,15
2729,Tissue and Organ Recognition,gallbladder,gallbladder,True,15
2730,Tissue and Organ Recognition,gallbladder,gallbladder,True,15
2731,Tissue and Organ Recognition,"liver, gallbladder",liver,True,15
2732,Tissue and Organ Recognition,"gallbladder, cystic artery",gallbladder,True,15
2733,Tissue and Organ Recognition,gallbladder,gallbladder,True,15
2734,Tissue and Organ Recognition,gallbladder,gallbladder,True,15
2735,Tissue and Organ Recognition,"gallbladder, cystic artery",gallbladder,True,15
2736,Tissue and Organ Recognition,gallbladder,gallbladder,True,15
2737,Tissue and Organ Recognition,gallbladder,gallbladder,True,15
2738,Tissue and Organ Recognition,gallbladder,liver,False,15
2739,Tissue and Organ Recognition,"gallbladder, cystic duct",gallbladder,True,15
2740,Tissue and Organ Recognition,cystic artery,gallbladder,False,15
2741,Tissue and Organ Recognition,cystic duct,gallbladder,False,15
2742,Tissue and Organ Recognition,gallbladder,gallbladder,True,15
2743,Tissue and Organ Recognition,gallbladder,gallbladder,True,15
2744,Tissue and Organ Recognition,gallbladder,gallbladder,True,15
2745,Tissue and Organ Recognition,liver,liver,True,15
2746,Tissue and Organ Recognition,"gallbladder, fluid",gallbladder,True,15
2747,Tissue and Organ Recognition,gallbladder,gallbladder,True,15
2748,Tissue and Organ Recognition,gallbladder,gallbladder,True,15
2749,Tissue and Organ Recognition,gallbladder,gallbladder,True,15
2750,Tissue and Organ Recognition,"gallbladder, cystic duct",gallbladder,True,15
2751,Tissue and Organ Recognition,gallbladder,gallbladder,True,15
2752,Tissue and Organ Recognition,"liver, gallbladder",liver,True,15
2753,Tissue and Organ Recognition,gallbladder,gallbladder,True,15
2754,Tissue and Organ Recognition,gallbladder,liver,False,15
2755,Tissue and Organ Recognition,fluid,liver,False,15
2756,Tissue and Organ Recognition,gallbladder,gallbladder,True,15
2757,Tissue and Organ Recognition,gallbladder,gallbladder,True,15
2758,Tissue and Organ Recognition,gallbladder,gallbladder,True,15
2759,Tissue and Organ Recognition,gallbladder,gallbladder,True,15
2760,Tissue and Organ Recognition,"gallbladder, liver",gallbladder,True,15
2761,Tissue and Organ Recognition,gallbladder,gallbladder,True,15
2762,Tissue and Organ Recognition,gallbladder,gallbladder,True,15
2763,Tissue and Organ Recognition,gallbladder,gallbladder,True,15
2764,Tissue and Organ Recognition,gallbladder,gallbladder,True,15
2765,Tissue and Organ Recognition,gallbladder,fluid,False,15
2766,Tissue and Organ Recognition,"gallbladder, cystic duct",gallbladder,True,15
2767,Tissue and Organ Recognition,gallbladder,liver,False,15
2768,Tissue and Organ Recognition,gallbladder,gallbladder,True,15
2769,Tissue and Organ Recognition,gallbladder,gallbladder,True,15
2770,Tissue and Organ Recognition,gallbladder,liver,False,15
2771,Tissue and Organ Recognition,"gallbladder, fluid",gallbladder,True,15
2772,Tissue and Organ Recognition,gallbladder,gallbladder,True,15
2773,Tissue and Organ Recognition,gallbladder,gallbladder,True,15
2774,Tissue and Organ Recognition,gallbladder,gallbladder,True,15
2775,Tissue and Organ Recognition,gallbladder,gallbladder,True,15
2776,Tissue and Organ Recognition,gallbladder,gallbladder,True,15
2777,Tissue and Organ Recognition,"liver, gallbladder",liver,True,15
2778,Tissue and Organ Recognition,gallbladder,gallbladder,True,15
2779,Tissue and Organ Recognition,gallbladder,gallbladder,True,15
2780,Tissue and Organ Recognition,specimen bag,liver,False,15
2781,Tissue and Organ Recognition,liver,gallbladder,False,15
2782,Tissue and Organ Recognition,gallbladder,gallbladder,True,15
2783,Tissue and Organ Recognition,"specimen bag, gallbladder",gallbladder,True,15
2784,Tissue and Organ Recognition,gallbladder,gallbladder,True,15
2785,Tissue and Organ Recognition,gallbladder,gallbladder,True,15
2786,Tissue and Organ Recognition,"gallbladder, cystic duct",gallbladder,True,15
2787,Tissue and Organ Recognition,fluid,gallbladder,False,15
2788,Tissue and Organ Recognition,"gallbladder, fluid",gallbladder,True,15
2789,Tissue and Organ Recognition,liver,liver,True,15
2790,Tissue and Organ Recognition,specimen bag,gallbladder,False,15
2791,Tissue and Organ Recognition,cystic duct,gallbladder,False,15
2792,Tissue and Organ Recognition,"gallbladder, cystic duct",gallbladder,True,15
2793,Tissue and Organ Recognition,gallbladder,gallbladder,True,15
2794,Tissue and Organ Recognition,gallbladder,gallbladder,True,15
2795,Tissue and Organ Recognition,gallbladder,gallbladder,True,15
2796,Tissue and Organ Recognition,gallbladder,gallbladder,True,15
2797,Tissue and Organ Recognition,specimen bag,gallbladder,False,15
2798,Tissue and Organ Recognition,cystic duct,gallbladder,False,15
2799,Tissue and Organ Recognition,gallbladder,gallbladder,True,15
2800,Tissue and Organ Recognition,gallbladder,gallbladder,True,15
2801,Tissue and Organ Recognition,gallbladder,gallbladder,True,15
2802,Tissue and Organ Recognition,"liver, fluid",liver,True,15
2803,Tissue and Organ Recognition,gallbladder,gallbladder,True,15
2804,Tissue and Organ Recognition,omentum,gallbladder,False,15
2805,Tissue and Organ Recognition,gallbladder,gallbladder,True,15
2806,Tissue and Organ Recognition,liver,liver,True,15
2807,Tissue and Organ Recognition,gallbladder,gallbladder,True,15
2808,Tissue and Organ Recognition,gallbladder,gallbladder,True,15
2809,Tissue and Organ Recognition,gallbladder,gallbladder,True,15
2810,Tissue and Organ Recognition,specimen bag,gallbladder,False,15
2811,Tissue and Organ Recognition,liver,liver,True,15
2812,Tissue and Organ Recognition,gallbladder,gallbladder,True,15
2813,Tissue and Organ Recognition,"gallbladder, cystic duct",gallbladder,True,15
2814,Tissue and Organ Recognition,gallbladder,gallbladder,True,15
2815,Tissue and Organ Recognition,gallbladder,gallbladder,True,15
2816,Tissue and Organ Recognition,gallbladder,gallbladder,True,15
2817,Tissue and Organ Recognition,gallbladder,gallbladder,True,15
2818,Tissue and Organ Recognition,gallbladder,gallbladder,True,15
2819,Tissue and Organ Recognition,gallbladder,gallbladder,True,15
2820,Tissue and Organ Recognition,fluid,liver,False,15
2821,Tissue and Organ Recognition,gallbladder,gallbladder,True,15
2822,Tissue and Organ Recognition,gallbladder,gallbladder,True,15
2823,Tissue and Organ Recognition,"gallbladder, cystic duct",gallbladder,True,15
2824,Tissue and Organ Recognition,gallbladder,gallbladder,True,15
2825,Tissue and Organ Recognition,gallbladder,gallbladder,True,15
2826,Tissue and Organ Recognition,gallbladder,gallbladder,True,15
2827,Tissue and Organ Recognition,gallbladder,gallbladder,True,15
2828,Tissue and Organ Recognition,"gallbladder, cystic duct",gallbladder,True,15
2829,Tissue and Organ Recognition,"gallbladder, cystic duct",gallbladder,True,15
2830,Tissue and Organ Recognition,null target,gallbladder,False,15
2831,Tissue and Organ Recognition,liver,liver,True,15
2832,Tissue and Organ Recognition,gallbladder,gallbladder,True,15
2833,Tissue and Organ Recognition,gallbladder,gallbladder,True,15
2834,Tissue and Organ Recognition,gallbladder,gallbladder,True,15
2835,Tissue and Organ Recognition,cystic artery,gallbladder,False,15
2836,Tissue and Organ Recognition,gallbladder,gallbladder,True,15
2837,Tissue and Organ Recognition,gallbladder,gallbladder,True,15
2838,Tissue and Organ Recognition,gallbladder,gallbladder,True,15
2839,Tissue and Organ Recognition,gallbladder,gallbladder,True,15
2840,Tissue and Organ Recognition,gallbladder,gallbladder,True,15
2841,Tissue and Organ Recognition,gallbladder,gallbladder,True,15
2842,Tissue and Organ Recognition,gallbladder,gallbladder,True,15
2843,Tissue and Organ Recognition,specimen bag,gallbladder,False,15
2844,Tissue and Organ Recognition,"gallbladder, cystic duct",gallbladder,True,15
2845,Tissue and Organ Recognition,"gallbladder, cystic duct",gallbladder,True,15
2846,Tissue and Organ Recognition,gallbladder,gallbladder,True,15
2847,Tissue and Organ Recognition,gallbladder,gallbladder,True,15
2848,Tissue and Organ Recognition,gallbladder,gallbladder,True,15
2849,Tissue and Organ Recognition,specimen bag,gallbladder,False,15
2850,Tissue and Organ Recognition,gallbladder,gallbladder,True,15
2851,Tissue and Organ Recognition,"liver, fluid",liver,True,15
2852,Tissue and Organ Recognition,gallbladder,gallbladder,True,15
2853,Tissue and Organ Recognition,cystic duct,gallbladder,False,15
2854,Tissue and Organ Recognition,cystic plate,gallbladder,False,15
2855,Tissue and Organ Recognition,"gallbladder, cystic duct",gallbladder,True,15
2856,Tissue and Organ Recognition,gallbladder,gallbladder,True,15
2857,Tissue and Organ Recognition,gallbladder,gallbladder,True,15
2858,Tissue and Organ Recognition,gallbladder,gallbladder,True,15
2859,Tissue and Organ Recognition,gallbladder,gallbladder,True,15
2860,Tissue and Organ Recognition,gallbladder,gallbladder,True,15
2861,Tissue and Organ Recognition,gallbladder,liver,False,15
2862,Tissue and Organ Recognition,"gallbladder, cystic duct",gallbladder,True,15
2863,Tissue and Organ Recognition,gallbladder,gallbladder,True,15
2864,Tissue and Organ Recognition,gallbladder,liver,False,15
2865,Tissue and Organ Recognition,gallbladder,gallbladder,True,15
2866,Tissue and Organ Recognition,"gallbladder, cystic duct",gallbladder,True,15
2867,Tissue and Organ Recognition,gallbladder,gallbladder,True,15
2868,Tissue and Organ Recognition,"gallbladder, liver",gallbladder,True,15
2869,Tissue and Organ Recognition,gallbladder,gallbladder,True,15
2870,Tissue and Organ Recognition,gallbladder,gallbladder,True,15
2871,Tissue and Organ Recognition,liver,gallbladder,False,15
2872,Tissue and Organ Recognition,gallbladder,gallbladder,True,15
2873,Tissue and Organ Recognition,"gallbladder, cystic duct",gallbladder,True,15
2874,Tissue and Organ Recognition,gallbladder,gallbladder,True,15
2875,Tissue and Organ Recognition,fluid,fluid,True,15
2876,Tissue and Organ Recognition,gallbladder,gallbladder,True,15
2877,Tissue and Organ Recognition,gallbladder,gallbladder,True,15
2878,Tissue and Organ Recognition,cystic duct,gallbladder,False,15
2879,Tissue and Organ Recognition,"gallbladder, fluid",gallbladder,True,15
2880,Tissue and Organ Recognition,specimen bag,gallbladder,False,15
2881,Tissue and Organ Recognition,gallbladder,gallbladder,True,15
2882,Tissue and Organ Recognition,gallbladder,gallbladder,True,15
2883,Tissue and Organ Recognition,gallbladder,gallbladder,True,15
2884,Tissue and Organ Recognition,gallbladder,gallbladder,True,15
2885,Tissue and Organ Recognition,"gallbladder, cystic duct",gallbladder,True,15
2886,Tissue and Organ Recognition,gallbladder,gallbladder,True,15
2887,Tissue and Organ Recognition,specimen bag,gallbladder,False,15
2888,Tissue and Organ Recognition,omentum,gallbladder,False,15
2889,Tissue and Organ Recognition,"gallbladder, cystic duct",gallbladder,True,15
2890,Tissue and Organ Recognition,fluid,fluid,True,15
2891,Tissue and Organ Recognition,specimen bag,gallbladder,False,15
2892,Tissue and Organ Recognition,gallbladder,gallbladder,True,15
2893,Tissue and Organ Recognition,gallbladder,gallbladder,True,15
2894,Tissue and Organ Recognition,gallbladder,gallbladder,True,15
2895,Tissue and Organ Recognition,gallbladder,gallbladder,True,15
2896,Tissue and Organ Recognition,"gallbladder, fluid",gallbladder,True,15
2897,Tissue and Organ Recognition,gallbladder,gallbladder,True,15
2898,Tissue and Organ Recognition,"gallbladder, cystic artery",gallbladder,True,15
2899,Tissue and Organ Recognition,gallbladder,gallbladder,True,15
2900,Tissue and Organ Recognition,gallbladder,gallbladder,True,15
2901,Tissue and Organ Recognition,gallbladder,gallbladder,True,15
2902,Tissue and Organ Recognition,"gallbladder, cystic duct",gallbladder,True,15
2903,Tissue and Organ Recognition,gallbladder,gallbladder,True,15
2904,Tissue and Organ Recognition,gallbladder,gallbladder,True,15
2905,Tissue and Organ Recognition,gallbladder,gallbladder,True,15
2906,Tissue and Organ Recognition,null target,gallbladder,False,15
2907,Tissue and Organ Recognition,gallbladder,gallbladder,True,15
2908,Tissue and Organ Recognition,gallbladder,gallbladder,True,15
2909,Tissue and Organ Recognition,gallbladder,gallbladder,True,15
2910,Tissue and Organ Recognition,"gallbladder, liver",liver,True,15
2911,Tissue and Organ Recognition,gallbladder,gallbladder,True,15
2912,Tissue and Organ Recognition,gallbladder,gallbladder,True,15
2913,Tissue and Organ Recognition,gallbladder,gallbladder,True,15
2914,Tissue and Organ Recognition,cystic duct,gallbladder,False,15
2915,Tissue and Organ Recognition,specimen bag,gallbladder,False,15
2916,Tissue and Organ Recognition,gallbladder,gallbladder,True,15
2917,Tissue and Organ Recognition,gallbladder,gallbladder,True,15
2918,Tissue and Organ Recognition,specimen bag,gallbladder,False,15
2919,Tissue and Organ Recognition,gallbladder,gallbladder,True,15
2920,Tissue and Organ Recognition,specimen bag,liver,False,15
2921,Tissue and Organ Recognition,gallbladder,gallbladder,True,15
2922,Tissue and Organ Recognition,gallbladder,gallbladder,True,15
2923,Tissue and Organ Recognition,gallbladder,gallbladder,True,15
2924,Tissue and Organ Recognition,gallbladder,gallbladder,True,15
2925,Tissue and Organ Recognition,gallbladder,liver,False,15
2926,Tissue and Organ Recognition,"gallbladder, liver",gallbladder,True,15
2927,Tissue and Organ Recognition,"gallbladder, cystic duct",gallbladder,True,15
2928,Tissue and Organ Recognition,"gallbladder, cystic duct",gallbladder,True,15
2929,Tissue and Organ Recognition,"gallbladder, cystic duct",gallbladder,True,15
2930,Tissue and Organ Recognition,gallbladder,gallbladder,True,15
2931,Tissue and Organ Recognition,specimen bag,gallbladder,False,15
2932,Tissue and Organ Recognition,gallbladder,gallbladder,True,15
2933,Tissue and Organ Recognition,specimen bag,gallbladder,False,15
2934,Tissue and Organ Recognition,gallbladder,gallbladder,True,15
2935,Tissue and Organ Recognition,gallbladder,gallbladder,True,15
2936,Tissue and Organ Recognition,gallbladder,gallbladder,True,15
2937,Tissue and Organ Recognition,liver,liver,True,15
2938,Tissue and Organ Recognition,"liver, gallbladder",gallbladder,True,15
2939,Tissue and Organ Recognition,gallbladder,gallbladder,True,15
2940,Tissue and Organ Recognition,gallbladder,gallbladder,True,15
2941,Tissue and Organ Recognition,"gallbladder, cystic duct",gallbladder,True,15
2942,Tissue and Organ Recognition,gallbladder,gallbladder,True,15
2943,Tissue and Organ Recognition,gallbladder,gallbladder,True,15
2944,Tissue and Organ Recognition,gallbladder,gallbladder,True,15
2945,Tissue and Organ Recognition,cystic plate,gallbladder,False,15
2946,Tissue and Organ Recognition,gallbladder,gallbladder,True,15
2947,Tissue and Organ Recognition,"gallbladder, cystic artery",gallbladder,True,15
2948,Tissue and Organ Recognition,"gallbladder, cystic duct",gallbladder,True,15
2949,Tissue and Organ Recognition,"liver, gallbladder",liver,True,15
2950,Tissue and Organ Recognition,gallbladder,gallbladder,True,15
2951,Tissue and Organ Recognition,gallbladder,gallbladder,True,15
2952,Tissue and Organ Recognition,gallbladder,gallbladder,True,15
2953,Tissue and Organ Recognition,omentum,gallbladder,False,15
2954,Tissue and Organ Recognition,gallbladder,gallbladder,True,15
2955,Tissue and Organ Recognition,gallbladder,gallbladder,True,15
2956,Tissue and Organ Recognition,"gallbladder, cystic duct",gallbladder,True,15
2957,Tissue and Organ Recognition,"gallbladder, cystic artery",gallbladder,True,15
2958,Tissue and Organ Recognition,gallbladder,gallbladder,True,15
2959,Tissue and Organ Recognition,gallbladder,gallbladder,True,15
2960,Tissue and Organ Recognition,gallbladder,gallbladder,True,15
2961,Tissue and Organ Recognition,gallbladder,gallbladder,True,15
2962,Tissue and Organ Recognition,gallbladder,gallbladder,True,15
2963,Tissue and Organ Recognition,gallbladder,gallbladder,True,15
2964,Tissue and Organ Recognition,gallbladder,gallbladder,True,15
2965,Tissue and Organ Recognition,"gallbladder, cystic duct",gallbladder,True,15
2966,Tissue and Organ Recognition,gallbladder,gallbladder,True,15
2967,Tissue and Organ Recognition,"gallbladder, specimen bag",gallbladder,True,15
2968,Tissue and Organ Recognition,gallbladder,gallbladder,True,15
2969,Tissue and Organ Recognition,"gallbladder, cystic duct",gallbladder,True,15
2970,Tissue and Organ Recognition,"gallbladder, cystic duct",gallbladder,True,15
2971,Tissue and Organ Recognition,gallbladder,gallbladder,True,15
2972,Tissue and Organ Recognition,gallbladder,gallbladder,True,15
2973,Tissue and Organ Recognition,"liver, gallbladder",liver,True,15
2974,Tissue and Organ Recognition,cystic duct,gallbladder,False,15
2975,Tissue and Organ Recognition,gallbladder,gallbladder,True,15
2976,Tissue and Organ Recognition,gallbladder,gallbladder,True,15
2977,Tissue and Organ Recognition,gallbladder,gallbladder,True,15
2978,Tissue and Organ Recognition,fluid,fluid,True,15
2979,Tissue and Organ Recognition,gallbladder,gallbladder,True,15
2980,Tissue and Organ Recognition,gallbladder,gallbladder,True,15
2981,Tissue and Organ Recognition,omentum,gallbladder,False,15
2982,Tissue and Organ Recognition,gallbladder,gallbladder,True,15
2983,Tissue and Organ Recognition,"liver, fluid",liver,True,15
2984,Tissue and Organ Recognition,gallbladder,gallbladder,True,15
2985,Tissue and Organ Recognition,gallbladder,gallbladder,True,15
2986,Tissue and Organ Recognition,gallbladder,gallbladder,True,15
2987,Tissue and Organ Recognition,gallbladder,gallbladder,True,15
2988,Tissue and Organ Recognition,"gallbladder, fluid",gallbladder,True,15
2989,Tissue and Organ Recognition,omentum,gallbladder,False,15
2990,Tissue and Organ Recognition,gallbladder,gallbladder,True,15
2991,Tissue and Organ Recognition,gallbladder,gallbladder,True,15
2992,Tissue and Organ Recognition,"gallbladder, cystic duct",gallbladder,True,15
2993,Tissue and Organ Recognition,gallbladder,gallbladder,True,15
2994,Tissue and Organ Recognition,gallbladder,gallbladder,True,15
2995,Tissue and Organ Recognition,"gallbladder, cystic duct",gallbladder,True,15
2996,Tissue and Organ Recognition,gallbladder,gallbladder,True,15
2997,Tissue and Organ Recognition,gallbladder,gallbladder,True,15
2998,Tissue and Organ Recognition,fluid,fluid,True,15
2999,Tissue and Organ Recognition,liver,liver,True,15
3000,Tissue and Organ Recognition,gallbladder,gallbladder,True,15
3001,Tissue and Organ Recognition,gallbladder,gallbladder,True,15
3002,Tissue and Organ Recognition,gallbladder,gallbladder,True,15
3003,Tissue and Organ Recognition,gallbladder,gallbladder,True,15
3004,Tissue and Organ Recognition,gallbladder,gallbladder,True,15
3005,Tissue and Organ Recognition,liver,gallbladder,False,15
3006,Tissue and Organ Recognition,gallbladder,gallbladder,True,15
3007,Tissue and Organ Recognition,"gallbladder, cystic duct",gallbladder,True,15
3008,Tissue and Organ Recognition,gallbladder,gallbladder,True,15
3009,Tissue and Organ Recognition,gallbladder,gallbladder,True,15
3010,Tissue and Organ Recognition,"gallbladder, cystic duct",gallbladder,True,15
3011,Tissue and Organ Recognition,gallbladder,gallbladder,True,15
3012,Tissue and Organ Recognition,gallbladder,gallbladder,True,15
3013,Tissue and Organ Recognition,gallbladder,gallbladder,True,15
3014,Tissue and Organ Recognition,"gallbladder, cystic duct",gallbladder,True,15
3015,Tissue and Organ Recognition,"liver, gallbladder",gallbladder,True,15
3016,Tissue and Organ Recognition,gallbladder,gallbladder,True,15
3017,Tissue and Organ Recognition,omentum,gallbladder,False,15
3018,Tissue and Organ Recognition,gallbladder,gallbladder,True,15
3019,Tissue and Organ Recognition,gallbladder,gallbladder,True,15
3020,Tissue and Organ Recognition,gallbladder,gallbladder,True,15
3021,Tissue and Organ Recognition,specimen bag,gallbladder,False,15
3022,Tissue and Organ Recognition,gallbladder,gallbladder,True,15
3023,Tissue and Organ Recognition,liver,liver,True,15
3024,Tissue and Organ Recognition,gallbladder,gallbladder,True,15
3025,Tissue and Organ Recognition,gallbladder,gallbladder,True,15
3026,Tissue and Organ Recognition,gallbladder,gallbladder,True,15
3027,Tissue and Organ Recognition,"gallbladder, cystic duct",gallbladder,True,15
3028,Tissue and Organ Recognition,gallbladder,gallbladder,True,15
3029,Tissue and Organ Recognition,gallbladder,gallbladder,True,15
3030,Tissue and Organ Recognition,cystic plate,gallbladder,False,15
3031,Tissue and Organ Recognition,gallbladder,gallbladder,True,15
3032,Tissue and Organ Recognition,null target,gallbladder,False,15
3033,Tissue and Organ Recognition,liver,liver,True,15
3034,Tissue and Organ Recognition,gallbladder,gallbladder,True,15
3035,Tissue and Organ Recognition,"liver, fluid",liver,True,15
3036,Tissue and Organ Recognition,gallbladder,gallbladder,True,15
3037,Tissue and Organ Recognition,gallbladder,gallbladder,True,15
3038,Tissue and Organ Recognition,gallbladder,gallbladder,True,15
3039,Tissue and Organ Recognition,specimen bag,gallbladder,False,15
3040,Tissue and Organ Recognition,gallbladder,gallbladder,True,15
3041,Tissue and Organ Recognition,gallbladder,gallbladder,True,15
3042,Tissue and Organ Recognition,gallbladder,gallbladder,True,15
3043,Tissue and Organ Recognition,gallbladder,gallbladder,True,15
3044,Tissue and Organ Recognition,gallbladder,gallbladder,True,15
3045,Tissue and Organ Recognition,gallbladder,gallbladder,True,15
3046,Tissue and Organ Recognition,"gallbladder, cystic plate",gallbladder,True,15
3047,Tissue and Organ Recognition,gallbladder,gallbladder,True,15
3048,Tissue and Organ Recognition,"gallbladder, cystic artery",gallbladder,True,15
3049,Tissue and Organ Recognition,liver,liver,True,15
3050,Tissue and Organ Recognition,specimen bag,gallbladder,False,15
3051,Tissue and Organ Recognition,gallbladder,gallbladder,True,15
3052,Tissue and Organ Recognition,gallbladder,omentum,False,15
3053,Tissue and Organ Recognition,gallbladder,gallbladder,True,15
3054,Tissue and Organ Recognition,gallbladder,gallbladder,True,15
3055,Tissue and Organ Recognition,gallbladder,gallbladder,True,15
3056,Tissue and Organ Recognition,gallbladder,gallbladder,True,15
3057,Tissue and Organ Recognition,gallbladder,gallbladder,True,15
3058,Tissue and Organ Recognition,gallbladder,gallbladder,True,15
3059,Tissue and Organ Recognition,gallbladder,gallbladder,True,15
3060,Tissue and Organ Recognition,gallbladder,gallbladder,True,15
3061,Tissue and Organ Recognition,"gallbladder, cystic duct",gallbladder,True,15
3062,Tissue and Organ Recognition,gallbladder,gallbladder,True,15
3063,Tissue and Organ Recognition,"gallbladder, cystic duct",gallbladder,True,15
3064,Tissue and Organ Recognition,liver,liver,True,15
3065,Tissue and Organ Recognition,gallbladder,gallbladder,True,15
3066,Tissue and Organ Recognition,gallbladder,gallbladder,True,15
3067,Tissue and Organ Recognition,specimen bag,gallbladder,False,15
3068,Tissue and Organ Recognition,"gallbladder, liver",gallbladder,True,15
3069,Tissue and Organ Recognition,gallbladder,gallbladder,True,15
3070,Tissue and Organ Recognition,gallbladder,gallbladder,True,15
3071,Tissue and Organ Recognition,gallbladder,gallbladder,True,15
3072,Tissue and Organ Recognition,gallbladder,gallbladder,True,15
3073,Tissue and Organ Recognition,gallbladder,gallbladder,True,15
3074,Tissue and Organ Recognition,gallbladder,gallbladder,True,15
3075,Tissue and Organ Recognition,gallbladder,gallbladder,True,15
3076,Tissue and Organ Recognition,gallbladder,gallbladder,True,15
3077,Tissue and Organ Recognition,gallbladder,gallbladder,True,15
3078,Tissue and Organ Recognition,fluid,fluid,True,15
3079,Tissue and Organ Recognition,"gallbladder, cystic duct",gallbladder,True,15
3080,Tissue and Organ Recognition,gallbladder,gallbladder,True,15
3081,Tissue and Organ Recognition,"gallbladder, cystic artery",gallbladder,True,15
3082,Tissue and Organ Recognition,gallbladder,gallbladder,True,15
3083,Tissue and Organ Recognition,"gallbladder, cystic duct",gallbladder,True,15
3084,Tissue and Organ Recognition,gallbladder,gallbladder,True,15
3085,Tissue and Organ Recognition,gallbladder,gallbladder,True,15
3086,Tissue and Organ Recognition,gallbladder,gallbladder,True,15
3087,Tissue and Organ Recognition,gallbladder,gallbladder,True,15
3088,Tissue and Organ Recognition,"gallbladder, cystic duct",gallbladder,True,15
3089,Tissue and Organ Recognition,gallbladder,gallbladder,True,15
3090,Tissue and Organ Recognition,"gallbladder, cystic duct",gallbladder,True,15
3091,Tissue and Organ Recognition,gallbladder,gallbladder,True,15
3092,Tissue and Organ Recognition,gallbladder,gallbladder,True,15
3093,Tissue and Organ Recognition,gallbladder,gallbladder,True,15
3094,Tissue and Organ Recognition,fluid,gallbladder,False,15
3095,Tissue and Organ Recognition,"liver, gallbladder",liver,True,15
3096,Tissue and Organ Recognition,"gallbladder, cystic artery",gallbladder,True,15
3097,Tissue and Organ Recognition,gallbladder,gallbladder,True,15
3098,Tissue and Organ Recognition,"gallbladder, cystic artery",gallbladder,True,15
3099,Tissue and Organ Recognition,gallbladder,gallbladder,True,15
3100,Tissue and Organ Recognition,gallbladder,gallbladder,True,15
3101,Tissue and Organ Recognition,"gallbladder, cystic duct",gallbladder,True,15
3102,Tissue and Organ Recognition,gallbladder,gallbladder,True,15
3103,Tissue and Organ Recognition,gallbladder,gallbladder,True,15
3104,Tissue and Organ Recognition,"liver, fluid",liver,True,15
3105,Tissue and Organ Recognition,gallbladder,gallbladder,True,15
3106,Tissue and Organ Recognition,gallbladder,gallbladder,True,15
3107,Tissue and Organ Recognition,gallbladder,liver,False,15
3108,Tissue and Organ Recognition,liver,gallbladder,False,15
3109,Tissue and Organ Recognition,"gallbladder, cystic artery",gallbladder,True,15
3110,Tissue and Organ Recognition,gallbladder,gallbladder,True,15
3111,Tissue and Organ Recognition,gallbladder,gallbladder,True,15
3112,Tissue and Organ Recognition,"gallbladder, cystic duct",gallbladder,True,15
3113,Tissue and Organ Recognition,gallbladder,gallbladder,True,15
3114,Tissue and Organ Recognition,"gallbladder, cystic artery",gallbladder,True,15
3115,Tissue and Organ Recognition,gallbladder,gallbladder,True,15
3116,Tissue and Organ Recognition,gallbladder,gallbladder,True,15
3117,Tissue and Organ Recognition,gallbladder,gallbladder,True,15
3118,Tissue and Organ Recognition,null target,gallbladder,False,15
3119,Tissue and Organ Recognition,gallbladder,gallbladder,True,15
3120,Tissue and Organ Recognition,gallbladder,gallbladder,True,15
3121,Tissue and Organ Recognition,gallbladder,gallbladder,True,15
3122,Tissue and Organ Recognition,gallbladder,gallbladder,True,15
3123,Tissue and Organ Recognition,gallbladder,gallbladder,True,15
3124,Tissue and Organ Recognition,gallbladder,gallbladder,True,15
3125,Tissue and Organ Recognition,gallbladder,gallbladder,True,15
3126,Tissue and Organ Recognition,gallbladder,gallbladder,True,15
3127,Tissue and Organ Recognition,gallbladder,gallbladder,True,15
3128,Tissue and Organ Recognition,cystic artery,gallbladder,False,15
3129,Tissue and Organ Recognition,"gallbladder, cystic duct",gallbladder,True,15
3130,Tissue and Organ Recognition,gallbladder,gallbladder,True,15
3131,Tissue and Organ Recognition,gallbladder,gallbladder,True,15
3132,Tissue and Organ Recognition,gallbladder,gallbladder,True,15
3133,Tissue and Organ Recognition,gallbladder,gallbladder,True,15
3134,Tissue and Organ Recognition,gallbladder,gallbladder,True,15
3135,Tissue and Organ Recognition,gallbladder,gallbladder,True,15
3136,Tissue and Organ Recognition,"gallbladder, cystic duct",gallbladder,True,15
3137,Tissue and Organ Recognition,gallbladder,gallbladder,True,15
3138,Tissue and Organ Recognition,gallbladder,gallbladder,True,15
3139,Tissue and Organ Recognition,"gallbladder, cystic duct",gallbladder,True,15
3140,Tissue and Organ Recognition,gallbladder,gallbladder,True,15
3141,Tissue and Organ Recognition,gallbladder,gallbladder,True,15
3142,Tissue and Organ Recognition,gallbladder,gallbladder,True,15
3143,Tissue and Organ Recognition,specimen bag,gallbladder,False,15
3144,Tissue and Organ Recognition,gallbladder,gallbladder,True,15
3145,Tissue and Organ Recognition,gallbladder,gallbladder,True,15
3146,Tissue and Organ Recognition,"gallbladder, cystic duct",gallbladder,True,15
3147,Tissue and Organ Recognition,"gallbladder, cystic plate",gallbladder,True,15
3148,Tissue and Organ Recognition,"gallbladder, cystic artery",gallbladder,True,15
3149,Tissue and Organ Recognition,gallbladder,gallbladder,True,15
3150,Tissue and Organ Recognition,"gallbladder, cystic duct",gallbladder,True,15
3151,Tissue and Organ Recognition,gallbladder,gallbladder,True,15
3152,Tissue and Organ Recognition,gallbladder,gallbladder,True,15
3153,Tissue and Organ Recognition,gallbladder,gallbladder,True,15
3154,Tissue and Organ Recognition,"liver, gallbladder",liver,True,15
3155,Tissue and Organ Recognition,gallbladder,gallbladder,True,15
3156,Tissue and Organ Recognition,gallbladder,gallbladder,True,15
3157,Tissue and Organ Recognition,gallbladder,gallbladder,True,15
3158,Tissue and Organ Recognition,"gallbladder, cystic duct",gallbladder,True,15
3159,Tissue and Organ Recognition,omentum,gallbladder,False,15
3160,Tissue and Organ Recognition,gallbladder,gallbladder,True,15
3161,Tissue and Organ Recognition,gallbladder,gallbladder,True,15
3162,Tissue and Organ Recognition,gallbladder,gallbladder,True,15
3163,Tissue and Organ Recognition,gallbladder,gallbladder,True,15
3164,Tissue and Organ Recognition,"gallbladder, cystic artery",gallbladder,True,15
3165,Tissue and Organ Recognition,gallbladder,gallbladder,True,15
3166,Tissue and Organ Recognition,gallbladder,gallbladder,True,15
3167,Tissue and Organ Recognition,gallbladder,gallbladder,True,15
3168,Tissue and Organ Recognition,"gallbladder, cystic duct",gallbladder,True,15
3169,Tissue and Organ Recognition,gallbladder,gallbladder,True,15
3170,Tissue and Organ Recognition,cystic duct,gallbladder,False,15
3171,Tissue and Organ Recognition,specimen bag,gallbladder,False,15
3172,Tissue and Organ Recognition,gallbladder,gallbladder,True,15
3173,Tissue and Organ Recognition,"gallbladder, fluid",gallbladder,True,15
3174,Tissue and Organ Recognition,gallbladder,gallbladder,True,15
3175,Tissue and Organ Recognition,gallbladder,gallbladder,True,15
3176,Tissue and Organ Recognition,gallbladder,gallbladder,True,15
3177,Tissue and Organ Recognition,gallbladder,gallbladder,True,15
3178,Tissue and Organ Recognition,"gallbladder, cystic duct",gallbladder,True,15
3179,Tissue and Organ Recognition,"gallbladder, cystic duct",gallbladder,True,15
3180,Tissue and Organ Recognition,liver,liver,True,15
3181,Tissue and Organ Recognition,gallbladder,gallbladder,True,15
3182,Tissue and Organ Recognition,gallbladder,gallbladder,True,15
3183,Tissue and Organ Recognition,gallbladder,gallbladder,True,15
3184,Tissue and Organ Recognition,"liver, gallbladder",liver,True,15
3185,Tissue and Organ Recognition,liver,liver,True,15
3186,Tissue and Organ Recognition,liver,liver,True,15
3187,Tissue and Organ Recognition,gallbladder,gallbladder,True,15
3188,Tissue and Organ Recognition,gallbladder,gallbladder,True,15
3189,Tissue and Organ Recognition,gallbladder,gallbladder,True,15
3190,Tissue and Organ Recognition,gallbladder,gallbladder,True,15
3191,Tissue and Organ Recognition,gallbladder,gallbladder,True,15
3192,Tissue and Organ Recognition,gallbladder,gallbladder,True,15
3193,Tissue and Organ Recognition,gallbladder,gallbladder,True,15
3194,Tissue and Organ Recognition,gallbladder,gallbladder,True,15
3195,Tissue and Organ Recognition,gallbladder,gallbladder,True,15
3196,Tissue and Organ Recognition,"gallbladder, cystic duct",gallbladder,True,15
3197,Tissue and Organ Recognition,gallbladder,gallbladder,True,15
3198,Tissue and Organ Recognition,gallbladder,gallbladder,True,15
3199,Tissue and Organ Recognition,"gallbladder, cystic duct",gallbladder,True,15
